zipcode,total_rat_sightings,mature_rat_sightings,closed_rat_sightings,median_resolution_days,average_resolution_days,avg_p90_resolution_days,resolved_within_30_days,not_resolved_within_30_days,avg_percent_unresolved_within_30_days,represented_inspections,inspected_restaurants,inspections_with_04k,percent_inspections_with_04k,complaint_percentile,inspection_evidence_percentile,potential_underreporting_score,interpretation
10001,40.0,37.0,37.0,0.0,2.97,4.855,36.0,1.0,3.125,955.0,619.0,12.0,1.26,20.8,23.0,2.2,Datasets broadly similar
10002,215.0,205.0,207.0,0.42,2.64,8.505,202.0,3.0,1.7245000000000061,893.0,518.0,46.0,5.15,68.5,79.2,10.7,Datasets broadly similar
10003,377.0,364.0,370.0,0.75,2.77,7.110499999999999,358.0,6.0,1.6754999999999995,1022.0,622.0,27.0,2.64,86.5,48.9,-37.6,Datasets broadly similar
10004,24.0,24.0,24.0,0.79,11.54,12.465833333333334,20.0,4.0,8.889166666666682,218.0,121.0,5.0,2.29,14.0,39.3,25.3,Moderate potential under-reporting signal
10005,16.0,15.0,14.0,0.0,2.75,3.5,14.0,1.0,8.333333333333314,101.0,52.0,2.0,1.98,9.6,32.0,22.4,Moderate potential under-reporting signal
10006,10.0,10.0,10.0,0.0,1.65,2.3514285714285714,10.0,0.0,0.0,65.0,46.0,0.0,0.0,5.6,0.0,-5.6,Datasets broadly similar
10007,22.0,22.0,21.0,0.0,11.65,17.000833333333336,19.0,3.0,8.333333333333314,265.0,136.0,4.0,1.51,12.4,25.8,13.4,Datasets broadly similar
10009,305.0,284.0,290.0,0.56,2.23,5.4350000000000005,282.0,2.0,0.596500000000006,439.0,283.0,26.0,5.92,81.5,86.5,5.0,Datasets broadly similar
10010,101.0,95.0,98.0,0.69,4.49,10.111052631578948,93.0,2.0,3.5089473684210617,416.0,237.0,9.0,2.16,39.9,37.1,-2.8,Datasets broadly similar
10011,144.0,136.0,135.0,0.54,4.2,12.8945,129.0,7.0,5.2265000000000015,661.0,430.0,7.0,1.06,52.8,19.1,-33.7,Datasets broadly similar
10012,110.0,106.0,107.0,0.92,5.16,9.642631578947368,102.0,4.0,2.20526315789472,698.0,435.0,21.0,3.01,42.1,54.5,12.4,Datasets broadly similar
10013,93.0,90.0,91.0,0.96,3.99,6.1345,89.0,1.0,0.38450000000000273,909.0,476.0,53.0,5.83,36.5,84.8,48.3,High potential under-reporting signal
10014,139.0,130.0,131.0,0.75,5.38,9.080000000000002,120.0,10.0,5.152500000000003,637.0,406.0,17.0,2.67,51.7,50.0,-1.7,Datasets broadly similar
10016,130.0,121.0,124.0,0.0,5.11,13.1,116.0,5.0,5.298000000000002,647.0,390.0,15.0,2.32,48.3,40.4,-7.9,Datasets broadly similar
10017,25.0,23.0,23.0,0.0,2.74,3.365,22.0,1.0,7.692307692307693,544.0,332.0,3.0,0.55,15.7,16.3,0.6,Datasets broadly similar
10018,44.0,44.0,43.0,0.0,4.06,9.855624999999998,42.0,2.0,9.375,693.0,428.0,5.0,0.72,23.6,16.9,-6.7,Datasets broadly similar
10019,154.0,144.0,146.0,0.13,3.79,9.037,137.0,7.0,4.721999999999994,941.0,592.0,23.0,2.44,55.6,44.9,-10.7,Datasets broadly similar
10020,1.0,1.0,1.0,0.0,0.0,0.0,1.0,0.0,0.0,58.0,40.0,0.0,0.0,1.7,0.0,-1.7,Datasets broadly similar
10021,133.0,128.0,128.0,0.0,3.31,6.833499999999999,127.0,1.0,0.3569999999999993,284.0,163.0,3.0,1.06,49.4,19.1,-30.3,Datasets broadly similar
10022,121.0,116.0,117.0,0.0,3.67,12.18736842105263,113.0,3.0,6.541578947368421,650.0,419.0,12.0,1.85,44.4,30.9,-13.5,Datasets broadly similar
10023,286.0,258.0,272.0,0.0,3.7,7.706500000000001,250.0,8.0,3.2049999999999983,301.0,193.0,7.0,2.33,79.2,41.0,-38.2,Datasets broadly similar
10024,485.0,469.0,473.0,1.13,4.11,8.998000000000001,459.0,10.0,2.2620000000000005,325.0,207.0,17.0,5.23,92.7,80.3,-12.4,Datasets broadly similar
10025,658.0,634.0,645.0,0.58,3.49,9.8645,620.0,14.0,2.596500000000006,399.0,237.0,22.0,5.51,96.1,82.6,-13.5,Datasets broadly similar
10026,448.0,420.0,434.0,0.63,2.1,5.0905000000000005,418.0,2.0,0.3615000000000066,109.0,53.0,8.0,7.34,90.4,95.5,5.1,Datasets broadly similar
10027,615.0,563.0,590.0,0.67,3.06,7.231999999999999,551.0,12.0,1.9994999999999834,277.0,161.0,9.0,3.25,95.5,58.4,-37.1,Datasets broadly similar
10028,345.0,330.0,342.0,0.38,3.13,12.642,326.0,4.0,2.011499999999998,322.0,199.0,6.0,1.86,84.8,31.5,-53.3,Reporting exceeds restaurant evidence
10029,360.0,340.0,341.0,0.63,4.68,12.887999999999996,322.0,18.0,5.641000000000005,348.0,208.0,18.0,5.17,85.4,79.8,-5.6,Datasets broadly similar
10030,361.0,349.0,353.0,0.54,4.88,10.715,323.0,26.0,5.951499999999996,36.0,19.0,5.0,13.89,86.0,100.0,14.0,Datasets broadly similar
10031,461.0,446.0,457.0,0.63,2.37,5.8485000000000005,446.0,0.0,0.0,215.0,124.0,16.0,7.44,92.1,96.1,4.0,Datasets broadly similar
10032,328.0,322.0,323.0,0.83,3.22,8.2715,317.0,5.0,1.4394999999999953,181.0,113.0,10.0,5.52,83.7,83.1,-0.6,Datasets broadly similar
10033,256.0,242.0,252.0,0.6,4.1,10.0235,240.0,2.0,1.055499999999995,222.0,120.0,15.0,6.76,76.4,93.3,16.9,Datasets broadly similar
10034,221.0,215.0,218.0,0.96,3.46,9.46,211.0,4.0,1.7819999999999965,174.0,95.0,7.0,4.02,71.3,69.7,-1.6,Datasets broadly similar
10035,187.0,177.0,182.0,0.42,2.58,5.155500000000001,174.0,3.0,1.2934999999999945,153.0,83.0,8.0,5.23,64.6,80.3,15.7,Datasets broadly similar
10036,113.0,106.0,108.0,0.0,3.75,12.5245,103.0,3.0,4.332999999999998,833.0,531.0,14.0,1.68,42.7,27.5,-15.2,Datasets broadly similar
10037,121.0,110.0,119.0,0.25,2.25,7.132,108.0,2.0,3.75,53.0,26.0,6.0,11.32,44.4,99.4,55.0,High potential under-reporting signal
10038,52.0,50.0,50.0,2.83,5.21,11.260625,49.0,1.0,6.25,289.0,176.0,7.0,2.42,25.8,43.8,18.0,Datasets broadly similar
10039,240.0,234.0,233.0,0.54,3.21,10.6245,221.0,13.0,6.634,31.0,18.0,0.0,0.0,73.6,0.0,-73.6,Reporting exceeds restaurant evidence
10040,166.0,154.0,159.0,0.83,3.73,8.788421052631579,150.0,4.0,2.4910526315789383,138.0,78.0,9.0,6.52,59.6,91.0,31.4,Moderate potential under-reporting signal
10041,,,,,,,,,,3.0,1.0,0.0,0.0,,,Insufficient data,
10044,1.0,1.0,1.0,0.0,0.0,0.0,1.0,0.0,0.0,19.0,3.0,0.0,0.0,,,Insufficient data,
10055,,,,,,,,,,3.0,1.0,0.0,0.0,,,Insufficient data,
10065,75.0,69.0,70.0,0.0,2.39,5.702,68.0,1.0,5.0,255.0,163.0,9.0,3.53,32.6,64.0,31.4,Moderate potential under-reporting signal
10069,13.0,11.0,12.0,0.83,3.24,3.71,11.0,0.0,0.0,,,,,,,Insufficient data,
10075,143.0,133.0,135.0,0.0,3.08,5.814,128.0,5.0,5.25,133.0,89.0,4.0,3.01,52.2,54.5,2.3,Datasets broadly similar
10080,,,,,,,,,,2.0,1.0,0.0,0.0,,,Insufficient data,
10103,,,,,,,,,,4.0,2.0,0.0,0.0,,,Insufficient data,
10105,2.0,2.0,1.0,0.0,0.0,0.0,1.0,1.0,50.0,6.0,2.0,0.0,0.0,,,Insufficient data,
10106,,,,,,,,,,1.0,1.0,0.0,0.0,,,Insufficient data,
10107,,,,,,,,,,1.0,1.0,0.0,0.0,,,Insufficient data,
10110,,,,,,,,,,1.0,1.0,0.0,0.0,,,Insufficient data,
10111,,,,,,,,,,5.0,2.0,0.0,0.0,,,Insufficient data,
10112,0.0,,,,,,,,,42.0,27.0,0.0,0.0,0.0,0.0,0.0,Insufficient data
10115,,,,,,,,,,2.0,1.0,0.0,0.0,,,Insufficient data,
10116,,,,,,,,,,3.0,1.0,0.0,0.0,,,Insufficient data,
10118,,,,,,,,,,12.0,3.0,0.0,0.0,,,Insufficient data,
10119,1.0,1.0,,,,,0.0,1.0,100.0,36.0,27.0,0.0,0.0,1.7,0.0,-1.7,Datasets broadly similar
10121,0.0,,,,,,,,,99.0,84.0,0.0,0.0,0.0,0.0,0.0,Insufficient data
10123,,,,,,,,,,2.0,1.0,0.0,0.0,,,Insufficient data,
10128,386.0,370.0,380.0,0.0,2.7,10.056499999999998,368.0,2.0,1.0335000000000036,233.0,146.0,14.0,6.01,87.1,88.2,1.1,Datasets broadly similar
10151,,,,,,,,,,1.0,1.0,0.0,0.0,,,Insufficient data,
10152,,,,,,,,,,1.0,1.0,0.0,0.0,,,Insufficient data,
10153,,,,,,,,,,3.0,1.0,0.0,0.0,,,Insufficient data,
10154,1.0,1.0,1.0,0.0,0.0,0.0,1.0,0.0,0.0,3.0,1.0,0.0,0.0,,,Insufficient data,
10155,1.0,1.0,1.0,0.0,0.0,0.0,1.0,0.0,0.0,1.0,1.0,0.0,0.0,,,Insufficient data,
10158,,,,,,,,,,2.0,1.0,0.0,0.0,,,Insufficient data,
10165,,,,,,,,,,3.0,1.0,0.0,0.0,,,Insufficient data,
10167,,,,,,,,,,6.0,2.0,0.0,0.0,,,Insufficient data,
10168,,,,,,,,,,2.0,1.0,0.0,0.0,,,Insufficient data,
10169,,,,,,,,,,19.0,5.0,0.0,0.0,,,Insufficient data,
10171,,,,,,,,,,2.0,1.0,0.0,0.0,,,Insufficient data,
10172,,,,,,,,,,3.0,1.0,0.0,0.0,,,Insufficient data,
10173,,,,,,,,,,2.0,1.0,0.0,0.0,,,Insufficient data,
10174,,,,,,,,,,2.0,1.0,0.0,0.0,,,Insufficient data,
10176,,,,,,,,,,1.0,1.0,0.0,0.0,,,Insufficient data,
10177,,,,,,,,,,1.0,1.0,0.0,0.0,,,Insufficient data,
10178,1.0,1.0,1.0,0.0,0.0,0.0,1.0,0.0,0.0,5.0,2.0,0.0,0.0,,,Insufficient data,
10271,,,,,,,,,,5.0,2.0,0.0,0.0,,,Insufficient data,
10279,,,,,,,,,,1.0,1.0,0.0,0.0,,,Insufficient data,
10280,4.0,4.0,4.0,1.85,3.96,5.28,4.0,0.0,0.0,37.0,24.0,0.0,0.0,4.5,0.0,-4.5,Datasets broadly similar
10281,0.0,,,,,,,,,22.0,17.0,0.0,0.0,0.0,0.0,0.0,Insufficient data
10282,2.0,2.0,2.0,0.0,0.0,0.0,2.0,0.0,0.0,23.0,14.0,0.0,0.0,3.4,0.0,-3.4,Datasets broadly similar
10301,75.0,70.0,71.0,0.0,5.15,10.224736842105264,66.0,4.0,11.403684210526322,160.0,97.0,2.0,1.25,32.6,21.9,-10.7,Datasets broadly similar
10302,62.0,59.0,53.0,0.0,4.2,6.488823529411765,50.0,9.0,12.61888888888889,103.0,63.0,1.0,0.97,28.1,18.0,-10.1,Datasets broadly similar
10303,71.0,67.0,62.0,0.0,3.4,8.378666666666668,62.0,5.0,10.0,50.0,36.0,1.0,2.0,32.0,32.6,0.6,Datasets broadly similar
10304,98.0,92.0,92.0,0.0,3.74,10.6,90.0,2.0,3.069999999999993,77.0,43.0,0.0,0.0,39.3,0.0,-39.3,Datasets broadly similar
10305,93.0,85.0,81.0,0.0,7.14,16.4715,76.0,9.0,5.848500000000001,129.0,86.0,1.0,0.78,36.5,17.4,-19.1,Datasets broadly similar
10306,128.0,118.0,107.0,0.0,6.18,12.9115,100.0,18.0,9.582999999999998,196.0,138.0,1.0,0.51,46.6,15.7,-30.9,Datasets broadly similar
10307,9.0,7.0,6.0,0.0,3.01,3.608,6.0,1.0,16.66666666666667,44.0,26.0,1.0,2.27,5.1,38.8,33.7,Moderate potential under-reporting signal
10308,96.0,92.0,74.0,4.04,7.38,11.056666666666668,72.0,20.0,11.350555555555559,56.0,40.0,1.0,1.79,37.6,29.8,-7.8,Datasets broadly similar
10309,51.0,48.0,41.0,0.0,5.05,8.394666666666666,40.0,8.0,10.9375,105.0,75.0,0.0,0.0,25.3,0.0,-25.3,Datasets broadly similar
10310,96.0,91.0,86.0,0.0,5.46,8.870526315789474,83.0,8.0,7.134210526315783,87.0,58.0,1.0,1.15,37.6,20.2,-17.4,Datasets broadly similar
10312,151.0,148.0,130.0,0.02,5.24,9.939333333333332,127.0,21.0,13.163125000000008,100.0,71.0,0.0,0.0,54.5,0.0,-54.5,Reporting exceeds restaurant evidence
10314,128.0,122.0,123.0,0.0,3.75,10.279999999999998,115.0,7.0,6.432631578947365,285.0,187.0,6.0,2.11,46.6,36.0,-10.6,Datasets broadly similar
10451,163.0,148.0,159.0,0.0,2.02,5.667,148.0,0.0,0.0,234.0,127.0,10.0,4.27,59.0,71.9,12.9,Datasets broadly similar
10452,960.0,943.0,957.0,0.58,1.59,5.213500000000001,942.0,1.0,0.11350000000000193,185.0,97.0,11.0,5.95,100.0,87.6,-12.4,Datasets broadly similar
10453,260.0,242.0,250.0,0.31,3.78,9.3465,233.0,9.0,4.232500000000016,170.0,94.0,11.0,6.47,77.5,90.4,12.9,Datasets broadly similar
10454,137.0,131.0,133.0,0.0,3.03,6.775,131.0,0.0,0.0,159.0,80.0,10.0,6.29,51.1,89.3,38.2,Moderate potential under-reporting signal
10455,208.0,199.0,204.0,0.0,3.0,5.317000000000001,198.0,1.0,0.3569999999999993,184.0,100.0,6.0,3.26,68.0,59.0,-9.0,Datasets broadly similar
10456,256.0,245.0,253.0,0.0,2.02,5.661,245.0,0.0,0.0,123.0,67.0,3.0,2.44,76.4,44.9,-31.5,Datasets broadly similar
10457,220.0,208.0,216.0,0.0,2.91,4.9505,205.0,3.0,1.454499999999996,142.0,79.0,7.0,4.93,70.2,77.5,7.3,Datasets broadly similar
10458,287.0,271.0,282.0,0.0,2.95,9.19,268.0,3.0,1.75,384.0,200.0,36.0,9.38,79.8,98.3,18.5,Datasets broadly similar
10459,180.0,172.0,174.0,0.0,2.68,5.4415,172.0,0.0,0.0,135.0,75.0,9.0,6.67,61.8,92.1,30.3,Moderate potential under-reporting signal
10460,227.0,210.0,221.0,0.0,2.52,4.709473684210527,209.0,1.0,0.35105263157896616,100.0,63.0,8.0,8.0,72.5,97.2,24.7,Moderate potential under-reporting signal
10461,121.0,115.0,118.0,0.0,2.95,5.426470588235294,115.0,0.0,0.0,287.0,152.0,9.0,3.14,44.4,56.2,11.8,Datasets broadly similar
10462,275.0,261.0,269.0,0.0,2.57,5.0945,260.0,1.0,0.5,282.0,160.0,16.0,5.67,78.1,83.7,5.6,Datasets broadly similar
10463,344.0,327.0,336.0,0.46,4.57,7.947,314.0,13.0,2.548000000000002,214.0,122.0,5.0,2.34,84.3,42.1,-42.2,Reporting exceeds restaurant evidence
10464,1.0,1.0,1.0,0.0,0.0,0.0,1.0,0.0,0.0,40.0,32.0,1.0,2.5,1.7,46.1,44.4,High potential under-reporting signal
10465,62.0,58.0,62.0,0.0,2.0,3.4127777777777784,58.0,0.0,0.0,126.0,85.0,0.0,0.0,28.1,0.0,-28.1,Datasets broadly similar
10466,180.0,171.0,177.0,0.25,2.76,5.435999999999999,171.0,0.0,0.0,158.0,77.0,12.0,7.59,61.8,96.6,34.8,Moderate potential under-reporting signal
10467,452.0,427.0,440.0,0.0,2.77,6.2565,423.0,4.0,0.8700000000000045,282.0,154.0,25.0,8.87,91.0,97.8,6.8,Datasets broadly similar
10468,287.0,273.0,280.0,0.38,3.19,7.4905,272.0,1.0,0.3125,190.0,102.0,11.0,5.79,79.8,84.3,4.5,Datasets broadly similar
10469,158.0,150.0,154.0,0.0,2.6,5.208,150.0,0.0,0.0,175.0,89.0,9.0,5.14,57.3,78.7,21.4,Moderate potential under-reporting signal
10470,60.0,56.0,59.0,0.0,3.04,3.235625,56.0,0.0,0.0,85.0,40.0,5.0,5.88,26.4,86.0,59.6,High potential under-reporting signal
10471,133.0,125.0,131.0,1.21,5.67,11.022000000000002,120.0,5.0,2.666499999999999,80.0,49.0,1.0,1.25,49.4,21.9,-27.5,Datasets broadly similar
10472,218.0,209.0,209.0,0.0,2.31,5.1965,206.0,3.0,1.3255000000000052,199.0,102.0,7.0,3.52,69.1,63.5,-5.6,Datasets broadly similar
10473,118.0,110.0,111.0,0.58,3.03,7.33684210526316,108.0,2.0,2.5063157894736747,49.0,27.0,1.0,2.04,43.3,33.7,-9.6,Datasets broadly similar
10474,64.0,62.0,63.0,0.0,1.99,4.63,62.0,0.0,0.0,64.0,32.0,6.0,9.38,29.2,98.3,69.1,High potential under-reporting signal
10475,14.0,13.0,14.0,2.96,4.35,5.152222222222222,13.0,0.0,0.0,124.0,67.0,0.0,0.0,8.4,0.0,-8.4,Datasets broadly similar
11004,14.0,12.0,11.0,0.0,6.0,9.424285714285714,10.0,2.0,25.0,51.0,32.0,0.0,0.0,8.4,0.0,-8.4,Datasets broadly similar
11101,184.0,179.0,178.0,0.0,7.51,20.156315789473684,165.0,14.0,8.672105263157874,660.0,360.0,11.0,1.67,64.0,27.0,-37.0,Datasets broadly similar
11102,156.0,149.0,145.0,0.0,6.1,9.9715,139.0,10.0,4.4835000000000065,147.0,85.0,3.0,2.04,56.7,33.7,-23.0,Datasets broadly similar
11103,664.0,624.0,653.0,2.83,7.43,11.7565,587.0,37.0,6.165000000000006,447.0,240.0,20.0,4.47,96.6,74.2,-22.4,Datasets broadly similar
11104,158.0,152.0,150.0,0.19,7.14,17.854499999999998,139.0,13.0,8.888999999999996,192.0,115.0,4.0,2.08,57.3,35.4,-21.9,Datasets broadly similar
11105,321.0,305.0,284.0,0.48,5.18,11.8805,274.0,31.0,7.383499999999998,248.0,146.0,6.0,2.42,83.1,43.8,-39.3,Datasets broadly similar
11106,220.0,206.0,206.0,2.02,9.03,11.0825,186.0,20.0,4.3155,300.0,176.0,4.0,1.33,70.2,24.2,-46.0,Reporting exceeds restaurant evidence
11109,6.0,6.0,6.0,2.0,1.6,1.1675,6.0,0.0,0.0,10.0,2.0,0.0,0.0,,,Insufficient data,
11201,193.0,181.0,185.0,0.04,4.52,9.8715,175.0,6.0,2.5815000000000055,716.0,446.0,12.0,1.68,66.3,27.5,-38.8,Datasets broadly similar
11203,250.0,241.0,242.0,0.0,5.66,21.381500000000003,229.0,12.0,4.561499999999995,225.0,115.0,8.0,3.56,74.7,64.6,-10.1,Datasets broadly similar
11204,182.0,167.0,171.0,0.0,3.61,8.494000000000002,164.0,3.0,2.25,233.0,125.0,7.0,3.0,63.5,53.9,-9.6,Datasets broadly similar
11205,418.0,351.0,403.0,1.83,5.97,15.3045,333.0,18.0,4.9809999999999945,270.0,142.0,8.0,2.96,88.8,52.8,-36.0,Datasets broadly similar
11206,419.0,396.0,407.0,0.17,5.21,12.153,378.0,18.0,3.7964999999999947,304.0,192.0,18.0,5.92,89.3,86.5,-2.8,Datasets broadly similar
11207,302.0,283.0,290.0,0.0,3.05,7.621,277.0,6.0,2.636499999999998,247.0,143.0,9.0,3.64,80.9,66.3,-14.6,Datasets broadly similar
11208,168.0,163.0,160.0,0.0,3.45,9.273500000000002,157.0,6.0,3.8095,212.0,107.0,7.0,3.3,60.1,60.1,0.0,Datasets broadly similar
11209,408.0,385.0,372.0,2.38,9.28,14.748500000000002,338.0,47.0,6.956000000000003,404.0,257.0,9.0,2.23,88.2,37.6,-50.6,Reporting exceeds restaurant evidence
11210,219.0,207.0,200.0,1.08,5.54,12.9635,194.0,13.0,5.590500000000006,127.0,74.0,9.0,7.09,69.7,94.9,25.2,Moderate potential under-reporting signal
11211,388.0,375.0,383.0,0.0,3.47,7.101999999999999,370.0,5.0,1.4634999999999962,621.0,401.0,25.0,4.03,87.6,70.2,-17.4,Datasets broadly similar
11212,181.0,168.0,169.0,0.0,3.89,9.224,160.0,8.0,5.163499999999999,173.0,110.0,4.0,2.31,62.9,39.9,-23.0,Datasets broadly similar
11213,453.0,428.0,439.0,0.63,4.15,8.4495,414.0,14.0,3.155000000000001,162.0,96.0,6.0,3.7,91.6,66.9,-24.7,Datasets broadly similar
11214,191.0,185.0,181.0,0.0,5.2,14.812499999999996,170.0,15.0,7.233999999999995,378.0,218.0,10.0,2.65,65.7,49.4,-16.3,Datasets broadly similar
11215,523.0,505.0,516.0,0.02,2.91,6.270999999999999,501.0,4.0,0.8555000000000064,539.0,338.0,17.0,3.15,94.4,56.7,-37.7,Datasets broadly similar
11216,718.0,676.0,689.0,3.33,10.49,33.388,597.0,79.0,12.121499999999997,362.0,199.0,23.0,6.35,98.3,89.9,-8.4,Datasets broadly similar
11217,238.0,230.0,236.0,0.04,2.47,7.917499999999999,229.0,1.0,1.0,432.0,277.0,17.0,3.94,73.0,68.0,-5.0,Datasets broadly similar
11218,493.0,469.0,467.0,0.54,5.5,13.933999999999996,440.0,29.0,5.813999999999993,224.0,132.0,11.0,4.91,93.3,77.0,-16.3,Datasets broadly similar
11219,188.0,180.0,182.0,0.0,5.41,27.378,174.0,6.0,5.839500000000001,184.0,111.0,13.0,7.07,65.2,94.4,29.2,Moderate potential under-reporting signal
11220,278.0,271.0,270.0,0.0,5.13,17.708999999999996,258.0,13.0,4.899000000000001,639.0,385.0,31.0,4.85,78.7,76.4,-2.3,Datasets broadly similar
11221,692.0,665.0,680.0,0.75,4.64,10.545000000000002,645.0,20.0,2.6340000000000003,266.0,151.0,14.0,5.26,97.8,81.5,-16.3,Datasets broadly similar
11222,309.0,300.0,305.0,0.0,3.61,7.384,296.0,4.0,1.7710000000000008,393.0,259.0,14.0,3.56,82.6,64.6,-18.0,Datasets broadly similar
11223,150.0,144.0,138.0,0.0,4.79,10.107222222222225,132.0,12.0,8.344999999999999,269.0,167.0,7.0,2.6,53.9,48.3,-5.6,Datasets broadly similar
11224,96.0,93.0,87.0,0.0,3.11,7.9252631578947375,87.0,6.0,5.075263157894739,117.0,77.0,3.0,2.56,37.6,47.8,10.2,Datasets broadly similar
11225,509.0,496.0,486.0,1.15,4.42,10.874,476.0,20.0,4.029499999999999,251.0,143.0,10.0,3.98,93.8,69.1,-24.7,Datasets broadly similar
11226,760.0,720.0,704.0,0.54,4.38,13.086499999999996,684.0,36.0,5.896500000000003,422.0,210.0,17.0,4.03,99.4,70.2,-29.2,Datasets broadly similar
11228,101.0,96.0,88.0,0.0,4.66,11.774210526315793,86.0,10.0,8.747368421052641,103.0,58.0,6.0,5.83,39.9,84.8,44.9,High potential under-reporting signal
11229,146.0,138.0,136.0,2.88,8.33,22.259,127.0,11.0,6.750500000000002,239.0,133.0,10.0,4.18,53.4,71.3,17.9,Datasets broadly similar
11230,429.0,403.0,390.0,0.56,6.44,18.915,366.0,37.0,9.099500000000006,188.0,109.0,6.0,3.19,89.9,57.3,-32.6,Datasets broadly similar
11231,252.0,245.0,249.0,0.0,3.07,5.9025,244.0,1.0,0.625,230.0,151.0,10.0,4.35,75.3,72.5,-2.8,Datasets broadly similar
11232,154.0,135.0,146.0,0.56,6.81,9.638,126.0,9.0,4.977000000000004,179.0,122.0,5.0,2.79,55.6,51.1,-4.5,Datasets broadly similar
11233,728.0,667.0,696.0,1.04,5.65,10.5965,631.0,36.0,3.6025000000000063,173.0,86.0,12.0,6.94,98.9,93.8,-5.1,Datasets broadly similar
11234,171.0,162.0,160.0,0.0,2.92,6.078,158.0,4.0,2.6069999999999993,247.0,150.0,5.0,2.02,60.7,33.1,-27.6,Datasets broadly similar
11235,254.0,243.0,222.0,0.0,4.99,18.382,216.0,27.0,11.190500000000014,290.0,161.0,9.0,3.1,75.8,55.6,-20.2,Datasets broadly similar
11236,102.0,95.0,96.0,0.0,4.06,12.068947368421057,90.0,5.0,5.78947368421052,181.0,106.0,6.0,3.31,41.0,61.2,20.2,Moderate potential under-reporting signal
11237,305.0,295.0,298.0,0.6,3.53,8.994,288.0,7.0,2.5520000000000067,411.0,257.0,25.0,6.08,81.5,88.8,7.3,Datasets broadly similar
11238,679.0,645.0,637.0,1.0,7.66,19.8385,575.0,70.0,9.611500000000007,384.0,232.0,13.0,3.39,97.2,62.4,-34.8,Datasets broadly similar
11239,24.0,22.0,22.0,3.38,4.6,4.876666666666668,21.0,1.0,2.0833333333333144,33.0,21.0,0.0,0.0,14.0,0.0,-14.0,Datasets broadly similar
11241,,,,,,,,,,2.0,1.0,0.0,0.0,,,Insufficient data,
11249,130.0,125.0,127.0,0.04,4.66,14.212105263157891,121.0,4.0,5.3215789473684225,272.0,192.0,13.0,4.78,48.3,75.8,27.5,Moderate potential under-reporting signal
11354,83.0,77.0,75.0,0.0,3.36,6.101052631578948,74.0,3.0,4.3857894736841985,956.0,476.0,38.0,3.97,35.4,68.5,33.1,Moderate potential under-reporting signal
11355,66.0,61.0,58.0,0.0,2.14,5.764666666666667,57.0,4.0,11.666875000000005,415.0,189.0,21.0,5.06,29.8,78.1,48.3,High potential under-reporting signal
11356,23.0,21.0,21.0,0.0,8.46,9.857272727272727,17.0,4.0,15.151818181818172,101.0,58.0,0.0,0.0,13.5,0.0,-13.5,Datasets broadly similar
11357,61.0,58.0,52.0,0.0,5.64,9.565882352941175,50.0,8.0,12.254705882352937,99.0,63.0,1.0,1.01,27.5,18.5,-9.0,Datasets broadly similar
11358,91.0,88.0,85.0,0.0,15.48,23.817500000000003,73.0,15.0,9.75,251.0,151.0,7.0,2.79,36.0,51.1,15.1,Datasets broadly similar
11360,16.0,16.0,13.0,0.0,8.45,4.7090000000000005,10.0,6.0,22.727272727272734,51.0,25.0,0.0,0.0,9.6,0.0,-9.6,Datasets broadly similar
11361,33.0,33.0,31.0,0.0,6.78,12.795384615384616,30.0,3.0,8.974615384615404,211.0,141.0,1.0,0.47,19.1,15.2,-3.9,Datasets broadly similar
11362,12.0,12.0,12.0,0.0,4.22,2.6316666666666664,12.0,0.0,0.0,92.0,55.0,4.0,4.35,7.3,72.5,65.2,High potential under-reporting signal
11363,5.0,5.0,5.0,0.0,0.0,0.0,5.0,0.0,0.0,13.0,3.0,0.0,0.0,,,Insufficient data,
11364,20.0,18.0,18.0,0.0,10.6,11.476666666666668,15.0,3.0,11.111111111111114,118.0,57.0,2.0,1.69,10.7,28.7,18.0,Datasets broadly similar
11365,31.0,29.0,30.0,0.0,4.69,8.723571428571427,28.0,1.0,7.142857142857139,91.0,56.0,3.0,3.3,18.0,60.1,42.1,High potential under-reporting signal
11366,30.0,26.0,26.0,0.0,6.93,12.450909090909091,25.0,1.0,4.545454545454561,86.0,49.0,4.0,4.65,17.4,74.7,57.3,High potential under-reporting signal
11367,122.0,119.0,107.0,0.04,9.56,12.627777777777778,98.0,21.0,13.772105263157897,59.0,37.0,0.0,0.0,46.1,0.0,-46.1,Reporting exceeds restaurant evidence
11368,207.0,197.0,188.0,0.0,6.94,10.607,174.0,23.0,6.367500000000007,474.0,263.0,12.0,2.53,67.4,47.2,-20.2,Datasets broadly similar
11369,129.0,123.0,115.0,0.0,4.96,8.7025,113.0,10.0,7.787499999999994,81.0,41.0,1.0,1.23,47.8,21.3,-26.5,Datasets broadly similar
11370,70.0,65.0,64.0,0.0,2.95,4.3989473684210525,62.0,3.0,4.736842105263165,28.0,17.0,1.0,3.57,31.5,65.7,34.2,Moderate potential under-reporting signal
11371,,,,,,,,,,8.0,8.0,0.0,0.0,,,Insufficient data,
11372,152.0,150.0,145.0,0.0,7.0,11.8725,137.0,13.0,6.111000000000004,674.0,357.0,20.0,2.97,55.1,53.4,-1.7,Datasets broadly similar
11373,118.0,107.0,98.0,0.0,3.17,7.3755,96.0,11.0,11.309499999999986,481.0,252.0,18.0,3.74,43.3,67.4,24.1,Moderate potential under-reporting signal
11374,223.0,217.0,210.0,0.75,7.98,19.774736842105263,195.0,22.0,10.171578947368403,145.0,86.0,3.0,2.07,71.9,34.8,-37.1,Datasets broadly similar
11375,196.0,186.0,176.0,0.0,6.23,24.986,168.0,18.0,9.858000000000004,343.0,209.0,8.0,2.33,66.9,41.0,-25.9,Datasets broadly similar
11377,249.0,241.0,230.0,0.0,5.61,11.363,220.0,21.0,8.581500000000005,368.0,200.0,12.0,3.26,74.2,59.0,-15.2,Datasets broadly similar
11378,134.0,130.0,125.0,0.0,5.07,15.101578947368422,121.0,9.0,10.994210526315797,155.0,79.0,2.0,1.29,50.6,23.6,-27.0,Datasets broadly similar
11379,160.0,149.0,148.0,0.0,2.77,8.3275,145.0,4.0,2.5,61.0,40.0,0.0,0.0,58.4,0.0,-58.4,Reporting exceeds restaurant evidence
11385,555.0,540.0,527.0,0.0,2.75,6.347,522.0,18.0,5.132499999999993,525.0,313.0,17.0,3.24,94.9,57.9,-37.0,Datasets broadly similar
11411,25.0,24.0,23.0,0.13,5.34,8.417272727272728,22.0,2.0,6.818181818181799,48.0,19.0,0.0,0.0,15.7,0.0,-15.7,Datasets broadly similar
11412,44.0,40.0,38.0,0.0,3.79,6.919333333333333,37.0,3.0,12.221999999999994,90.0,40.0,3.0,3.33,23.6,61.8,38.2,Moderate potential under-reporting signal
11413,60.0,58.0,47.0,0.0,6.0,9.618571428571428,45.0,13.0,10.286000000000001,93.0,44.0,2.0,2.15,26.4,36.5,10.1,Datasets broadly similar
11414,31.0,29.0,28.0,0.73,3.95,7.605000000000001,27.0,2.0,6.429000000000002,101.0,56.0,0.0,0.0,18.0,0.0,-18.0,Datasets broadly similar
11415,33.0,32.0,29.0,0.75,9.29,15.18,26.0,6.0,18.181818181818187,53.0,35.0,0.0,0.0,19.1,0.0,-19.1,Datasets broadly similar
11416,42.0,41.0,38.0,0.0,11.13,14.463333333333336,32.0,9.0,19.298421052631582,85.0,45.0,2.0,2.35,21.9,42.7,20.8,Moderate potential under-reporting signal
11417,69.0,66.0,58.0,0.0,4.36,7.965882352941177,55.0,11.0,13.796111111111102,123.0,69.0,2.0,1.63,30.9,26.4,-4.5,Datasets broadly similar
11418,35.0,33.0,31.0,0.0,6.85,11.333333333333334,29.0,4.0,11.111333333333334,138.0,80.0,6.0,4.35,20.2,72.5,52.3,High potential under-reporting signal
11419,80.0,75.0,73.0,0.0,2.09,4.282352941176471,73.0,2.0,5.555555555555557,213.0,99.0,10.0,4.69,34.3,75.3,41.0,High potential under-reporting signal
11420,49.0,48.0,47.0,0.0,4.64,7.489999999999999,45.0,3.0,7.842941176470603,133.0,74.0,7.0,5.26,24.7,81.5,56.8,High potential under-reporting signal
11421,43.0,40.0,39.0,0.0,1.04,2.700666666666667,39.0,1.0,3.3333333333333144,126.0,72.0,3.0,2.38,23.0,43.3,20.3,Moderate potential under-reporting signal
11422,13.0,12.0,12.0,0.0,3.63,4.837777777777777,12.0,0.0,0.0,71.0,38.0,1.0,1.41,7.9,25.3,17.4,Datasets broadly similar
11423,22.0,21.0,17.0,0.0,14.38,16.20909090909091,15.0,6.0,25.640769230769237,82.0,35.0,1.0,1.22,12.4,20.8,8.4,Datasets broadly similar
11426,27.0,27.0,24.0,0.0,5.53,6.8325,24.0,3.0,10.256153846153836,71.0,34.0,0.0,0.0,16.9,0.0,-16.9,Datasets broadly similar
11427,11.0,10.0,10.0,3.0,12.88,15.35,9.0,1.0,6.25,22.0,12.0,0.0,0.0,6.2,0.0,-6.2,Datasets broadly similar
11428,24.0,22.0,22.0,0.85,5.95,8.077272727272726,19.0,3.0,12.120909090909095,72.0,32.0,1.0,1.39,14.0,24.7,10.7,Datasets broadly similar
11429,20.0,18.0,16.0,0.0,3.57,4.2700000000000005,16.0,2.0,8.333333333333314,49.0,26.0,0.0,0.0,10.7,0.0,-10.7,Datasets broadly similar
11430,2.0,2.0,2.0,13.73,13.73,13.73,2.0,0.0,0.0,134.0,88.0,3.0,2.24,3.4,38.2,34.8,Moderate potential under-reporting signal
11431,,,,,,,,,,1.0,1.0,0.0,0.0,,,Insufficient data,
11432,171.0,161.0,153.0,0.0,4.2,10.383,146.0,15.0,13.484499999999997,431.0,174.0,29.0,6.73,60.7,92.7,32.0,Moderate potential under-reporting signal
11433,80.0,78.0,74.0,0.0,4.65,10.34722222222222,72.0,6.0,9.367222222222225,59.0,29.0,2.0,3.39,34.3,62.4,28.1,Moderate potential under-reporting signal
11434,78.0,74.0,69.0,0.0,4.38,4.104444444444444,68.0,6.0,8.879473684210524,160.0,81.0,4.0,2.5,33.7,46.1,12.4,Datasets broadly similar
11435,106.0,96.0,91.0,0.0,3.84,9.383684210526315,88.0,8.0,8.245789473684198,226.0,105.0,15.0,6.64,41.6,91.6,50.0,High potential under-reporting signal
11436,42.0,39.0,37.0,0.0,11.95,16.655714285714286,30.0,9.0,19.64285714285714,57.0,28.0,1.0,1.75,21.9,29.2,7.3,Datasets broadly similar
11691,67.0,63.0,62.0,0.0,1.47,4.392631578947368,61.0,2.0,7.89473684210526,68.0,43.0,2.0,2.94,30.3,52.2,21.9,Moderate potential under-reporting signal
11692,11.0,11.0,9.0,0.0,4.27,4.807499999999999,9.0,2.0,11.111111111111114,20.0,14.0,0.0,0.0,6.2,0.0,-6.2,Datasets broadly similar
11693,20.0,19.0,18.0,0.0,2.48,4.284000000000001,17.0,2.0,15.0,37.0,28.0,1.0,2.7,10.7,50.6,39.9,Moderate potential under-reporting signal
11694,40.0,40.0,37.0,0.21,12.03,9.092777777777778,31.0,9.0,10.277777777777771,55.0,37.0,1.0,1.82,20.8,30.3,9.5,Datasets broadly similar
11697,1.0,1.0,1.0,0.0,0.0,0.0,1.0,0.0,0.0,,,,,,,Insufficient data,
