zipcode,total_rat_sightings,represented_inspections,inspected_restaurants,inspections_with_04k,percent_inspections_with_04k,complaint_percentile,inspection_evidence_percentile,potential_underreporting_score,interpretation
10474,64,64,32,6,9.38,29.6,98.3,68.7,High potential under-reporting signal
11362,12,92,55,4,4.35,7.8,72.6,64.8,High potential under-reporting signal
10470,60,85,40,5,5.88,26.8,86,59.2,High potential under-reporting signal
11366,30,86,49,4,4.65,17.9,74.9,57,High potential under-reporting signal
11420,49,133,74,7,5.26,25.1,81.6,56.4,High potential under-reporting signal
10037,121,53,26,6,11.32,44.7,99.4,54.7,High potential under-reporting signal
11418,35,138,80,6,4.35,20.7,72.6,52,High potential under-reporting signal
11435,106,226,105,15,6.64,41.9,91.6,49.7,High potential under-reporting signal
10013,93,909,476,53,5.83,36.9,85.5,48.6,High potential under-reporting signal
11355,66,415,189,21,5.06,30.2,78.2,48,High potential under-reporting signal
10464,1,40,32,1,2.50,1.7,46.4,44.7,High potential under-reporting signal
11228,101,103,58,6,5.83,40.2,84.9,44.7,High potential under-reporting signal
11365,31,91,56,3,3.30,18.4,60.3,41.9,High potential under-reporting signal
11419,80,213,99,10,4.69,34.6,75.4,40.8,High potential under-reporting signal
11693,20,37,28,1,2.70,11.2,50.8,39.7,Moderate potential under-reporting signal
10454,137,159,80,10,6.29,51.4,89.4,38,Moderate potential under-reporting signal
11412,44,90,40,3,3.33,24,62,38,Moderate potential under-reporting signal
11430,2,134,88,3,2.24,3.4,38.5,35.2,Moderate potential under-reporting signal
10466,180,158,77,12,7.59,62,96.6,34.6,Moderate potential under-reporting signal
11370,70,28,17,1,3.57,31.8,65.9,34.1,Moderate potential under-reporting signal
10307,9,44,26,1,2.27,5.6,39.1,33.5,Moderate potential under-reporting signal
11354,83,956,476,38,3.97,35.8,68.7,33,Moderate potential under-reporting signal
11432,171,431,174,29,6.73,60.9,92.7,31.8,Moderate potential under-reporting signal
10065,75,255,163,9,3.53,33,64.2,31.3,Moderate potential under-reporting signal
10040,166,138,78,9,6.52,59.8,91.1,31.3,Moderate potential under-reporting signal
10459,180,135,75,9,6.67,62,92.2,30.2,Moderate potential under-reporting signal
11219,188,184,111,13,7.07,65.4,94.4,29.1,Moderate potential under-reporting signal
11433,80,59,29,2,3.39,34.6,63.1,28.5,Moderate potential under-reporting signal
11249,130,272,192,13,4.78,48.6,76,27.4,Moderate potential under-reporting signal
11210,219,127,74,9,7.09,69.8,95,25.1,Moderate potential under-reporting signal
10004,24,218,121,5,2.29,14.5,39.7,25.1,Moderate potential under-reporting signal
10460,227,100,63,8,8.00,72.6,97.2,24.6,Moderate potential under-reporting signal
11373,118,481,252,18,3.74,43.6,67.6,24,Moderate potential under-reporting signal
10005,16,101,52,2,1.98,10.1,32.4,22.3,Moderate potential under-reporting signal
11691,67,68,43,2,2.94,30.7,52.5,21.8,Moderate potential under-reporting signal
10469,158,175,89,9,5.14,57.5,78.8,21.2,Moderate potential under-reporting signal
11416,42,85,45,2,2.35,22.3,43,20.7,Moderate potential under-reporting signal
11421,43,126,72,3,2.38,23.5,43.6,20.1,Moderate potential under-reporting signal
11236,102,181,106,6,3.31,41.3,61.5,20.1,Moderate potential under-reporting signal
10458,287,384,200,36,9.38,79.9,98.3,18.4,Datasets broadly similar
10038,52,289,176,7,2.42,26.3,44.7,18.4,Datasets broadly similar
11364,20,118,57,2,1.69,11.2,29.1,17.9,Datasets broadly similar
11229,146,239,133,10,4.18,53.6,71.5,17.9,Datasets broadly similar
11422,13,71,38,1,1.41,8.4,25.7,17.3,Datasets broadly similar
10033,256,222,120,15,6.76,76.5,93.3,16.8,Datasets broadly similar
10035,187,153,83,8,5.23,64.8,80.4,15.6,Datasets broadly similar
11358,91,251,151,7,2.79,36.3,51.4,15.1,Datasets broadly similar
10030,361,36,19,5,13.89,86,100,14,Datasets broadly similar
10007,22,265,136,4,1.51,12.8,26.3,13.4,Datasets broadly similar
10453,260,170,94,11,6.47,77.7,90.5,12.8,Datasets broadly similar
10451,163,234,127,10,4.27,59.2,72.1,12.8,Datasets broadly similar
10012,110,698,435,21,3.01,42.5,55.3,12.8,Datasets broadly similar
11434,78,160,81,4,2.50,34.1,46.4,12.3,Datasets broadly similar
10461,121,287,152,9,3.14,44.7,56.4,11.7,Datasets broadly similar
11428,24,72,32,1,1.39,14.5,25.1,10.6,Datasets broadly similar
10002,215,893,518,46,5.15,68.7,79.3,10.6,Datasets broadly similar
11413,60,93,44,2,2.15,26.8,36.9,10.1,Datasets broadly similar
11224,96,117,77,3,2.56,38,48,10.1,Datasets broadly similar
11694,40,55,37,1,1.82,21.2,30.7,9.5,Datasets broadly similar
11423,22,82,35,1,1.22,12.8,21.2,8.4,Datasets broadly similar
11237,305,411,257,25,6.08,81.6,88.8,7.3,Datasets broadly similar
11436,42,57,28,1,1.75,22.3,29.6,7.3,Datasets broadly similar
10457,220,142,79,7,4.93,70.4,77.7,7.3,Datasets broadly similar
10467,452,282,154,25,8.87,91.1,97.8,6.7,Datasets broadly similar
10009,305,439,283,26,5.92,81.6,87.2,5.6,Datasets broadly similar
10462,275,282,160,16,5.67,78.2,83.8,5.6,Datasets broadly similar
10026,448,109,53,8,7.34,90.5,95.5,5,Datasets broadly similar
10468,287,190,102,11,5.79,79.9,84.4,4.5,Datasets broadly similar
10031,461,215,124,16,7.44,92.2,96.1,3.9,Datasets broadly similar
10075,143,133,89,4,3.01,52.5,54.7,2.2,Datasets broadly similar
10001,40,955,619,12,1.26,21.2,23.5,2.2,Datasets broadly similar
10128,386,233,146,14,6.01,87.2,88.3,1.1,Datasets broadly similar
10017,25,544,332,3,0.55,16.2,16.8,0.6,Datasets broadly similar
10303,71,50,36,1,2.00,32.4,33,0.6,Datasets broadly similar
11208,168,212,107,7,3.30,60.3,60.9,0.6,Datasets broadly similar
10281,0,22,17,0,0.00,0,0,0,Datasets broadly similar
10121,0,99,84,0,0.00,0,0,0,Datasets broadly similar
10112,0,42,27,0,0.00,0,0,0,Datasets broadly similar
10032,328,181,113,10,5.52,83.8,83.2,-0.6,Datasets broadly similar
10119,1,36,27,0,0.00,1.7,0,-1.7,Datasets broadly similar
11372,152,674,357,20,2.97,55.3,53.6,-1.7,Datasets broadly similar
10014,139,637,406,17,2.67,52,50.3,-1.7,Datasets broadly similar
10020,1,58,40,0,0.00,1.7,0,-1.7,Datasets broadly similar
10034,221,174,95,7,4.02,71.5,69.8,-1.7,Datasets broadly similar
11220,278,639,385,31,4.85,78.8,76.5,-2.2,Datasets broadly similar
10010,101,416,237,9,2.16,40.2,37.4,-2.8,Datasets broadly similar
11206,419,304,192,18,5.92,89.4,86.6,-2.8,Datasets broadly similar
11231,252,230,151,10,4.35,75.4,72.6,-2.8,Datasets broadly similar
10282,2,23,14,0,0.00,3.4,0,-3.4,Datasets broadly similar
11232,154,179,122,5,2.79,55.9,52,-3.9,Datasets broadly similar
11361,33,211,141,1,0.47,19.6,15.6,-3.9,Datasets broadly similar
11417,69,123,69,2,1.63,31.3,26.8,-4.5,Datasets broadly similar
10280,4,37,24,0,0.00,4.5,0,-4.5,Datasets broadly similar
11040,4,25,15,0,0.00,4.5,0,-4.5,Datasets broadly similar
11233,728,173,86,12,6.94,98.9,93.9,-5,Datasets broadly similar
11217,238,432,277,17,3.94,73.2,68.2,-5,Datasets broadly similar
10472,218,199,102,7,3.52,69.3,63.7,-5.6,Datasets broadly similar
11223,150,269,167,7,2.60,54.2,48.6,-5.6,Datasets broadly similar
10029,360,348,208,18,5.17,85.5,79.9,-5.6,Datasets broadly similar
10006,10,65,46,0,0.00,6.1,0,-6.1,Datasets broadly similar
11427,11,22,12,0,0.00,6.7,0,-6.7,Datasets broadly similar
10018,44,693,428,5,0.72,24,17.3,-6.7,Datasets broadly similar
11692,11,20,14,0,0.00,6.7,0,-6.7,Datasets broadly similar
10016,130,647,390,15,2.32,48.6,40.8,-7.8,Datasets broadly similar
10308,96,56,40,1,1.79,38,30.2,-7.8,Datasets broadly similar
11216,718,362,199,23,6.35,98.3,89.9,-8.4,Datasets broadly similar
10455,208,184,100,6,3.26,68.2,59.2,-8.9,Datasets broadly similar
11357,61,99,63,1,1.01,27.9,19,-8.9,Datasets broadly similar
10475,14,124,67,0,0.00,8.9,0,-8.9,Datasets broadly similar
11004,14,51,32,0,0.00,8.9,0,-8.9,Datasets broadly similar
11204,182,233,125,7,3.00,63.7,54.2,-9.5,Datasets broadly similar
10473,118,49,27,1,2.04,43.6,34.1,-9.5,Datasets broadly similar
10302,62,103,63,1,0.97,28.5,18.4,-10.1,Datasets broadly similar
10019,154,941,592,23,2.44,55.9,45.8,-10.1,Datasets broadly similar
11203,250,225,115,8,3.56,74.9,64.8,-10.1,Datasets broadly similar
11360,16,51,25,0,0.00,10.1,0,-10.1,Datasets broadly similar
10301,75,160,97,2,1.25,33,22.3,-10.6,Datasets broadly similar
10314,128,285,187,6,2.11,46.9,36.3,-10.6,Datasets broadly similar
11429,20,49,26,0,0.00,11.2,0,-11.2,Datasets broadly similar
10024,485,325,207,17,5.23,92.7,81,-11.7,Datasets broadly similar
10452,960,185,97,11,5.95,100,87.7,-12.3,Datasets broadly similar
10022,121,650,419,12,1.85,44.7,31.3,-13.4,Datasets broadly similar
10025,658,399,237,22,5.51,96.1,82.7,-13.4,Datasets broadly similar
11356,23,101,58,0,0.00,14,0,-14,Datasets broadly similar
11239,24,33,21,0,0.00,14.5,0,-14.5,Datasets broadly similar
10036,113,833,531,14,1.68,43,28.5,-14.5,Datasets broadly similar
11207,302,247,143,9,3.64,81,66.5,-14.5,Datasets broadly similar
11377,249,368,200,12,3.26,74.3,59.2,-15.1,Datasets broadly similar
11214,191,378,218,10,2.65,65.9,49.7,-16.2,Datasets broadly similar
11221,692,266,151,14,5.26,97.8,81.6,-16.2,Datasets broadly similar
11218,493,224,132,11,4.91,93.3,77.1,-16.2,Datasets broadly similar
11411,25,48,19,0,0.00,16.2,0,-16.2,Datasets broadly similar
11211,388,621,401,25,4.03,87.7,70.4,-17.3,Datasets broadly similar
11222,309,393,259,14,3.56,82.7,65.4,-17.3,Datasets broadly similar
11426,27,71,34,0,0.00,17.3,0,-17.3,Datasets broadly similar
10310,96,87,58,1,1.15,38,20.7,-17.3,Datasets broadly similar
11414,31,101,56,0,0.00,18.4,0,-18.4,Datasets broadly similar
10305,93,129,86,1,0.78,36.9,17.9,-19,Datasets broadly similar
11415,33,53,35,0,0.00,19.6,0,-19.6,Datasets broadly similar
11368,207,474,263,12,2.53,67.6,47.5,-20.1,Datasets broadly similar
11235,254,290,161,9,3.10,76,55.9,-20.1,Datasets broadly similar
11104,158,192,115,4,2.08,57.5,35.8,-21.8,Datasets broadly similar
11103,664,447,240,20,4.47,96.6,74.3,-22.3,Datasets broadly similar
11212,181,173,110,4,2.31,63.1,40.2,-22.9,Datasets broadly similar
11102,156,147,85,3,2.04,57,34.1,-22.9,Datasets broadly similar
11225,509,251,143,10,3.98,93.9,69.3,-24.6,Datasets broadly similar
11213,453,162,96,6,3.70,91.6,67,-24.6,Datasets broadly similar
11375,196,343,209,8,2.33,67,41.9,-25.1,Datasets broadly similar
10309,51,105,75,0,0.00,25.7,0,-25.7,Datasets broadly similar
11369,129,81,41,1,1.23,48,21.8,-26.3,Datasets broadly similar
11378,134,155,79,2,1.29,50.8,24,-26.8,Datasets broadly similar
11234,171,247,150,5,2.02,60.9,33.5,-27.4,Datasets broadly similar
10471,133,80,49,1,1.25,49.7,22.3,-27.4,Datasets broadly similar
11226,760,422,210,17,4.03,99.4,70.9,-28.5,Datasets broadly similar
10465,62,126,85,0,0.00,28.5,0,-28.5,Datasets broadly similar
10021,133,284,163,3,1.06,49.7,19.6,-30.2,Datasets broadly similar
10306,128,196,138,1,0.51,46.9,16.2,-30.7,Datasets broadly similar
10456,256,123,67,3,2.44,76.5,45.3,-31.3,Datasets broadly similar
11230,429,188,109,6,3.19,89.9,57.5,-32.4,Datasets broadly similar
10011,144,661,430,7,1.06,53.1,20.1,-33,Datasets broadly similar
11238,679,384,232,13,3.39,97.2,62.6,-34.6,Datasets broadly similar
11205,418,270,142,8,2.96,88.8,53.1,-35.8,Datasets broadly similar
11101,184,660,360,11,1.67,64.2,27.4,-36.9,Datasets broadly similar
11385,555,525,313,17,3.24,95,58.1,-36.9,Datasets broadly similar
10027,615,277,161,9,3.25,95.5,58.7,-36.9,Datasets broadly similar
11374,223,145,86,3,2.07,72.1,35.2,-36.9,Datasets broadly similar
11215,523,539,338,17,3.15,94.4,57,-37.4,Datasets broadly similar
10003,377,1022,622,27,2.64,86.6,49.2,-37.4,Datasets broadly similar
10023,286,301,193,7,2.33,79.3,41.3,-38,Datasets broadly similar
11201,193,716,446,12,1.68,66.5,27.9,-38.5,Datasets broadly similar
11105,321,248,146,6,2.42,83.2,44.1,-39.1,Datasets broadly similar
10304,98,77,43,0,0.00,39.7,0,-39.7,Datasets broadly similar
10463,344,214,122,5,2.34,84.4,42.5,-41.9,Reporting exceeds restaurant evidence
11106,220,300,176,4,1.33,70.4,24.6,-45.8,Reporting exceeds restaurant evidence
11367,122,59,37,0,0.00,46.4,0,-46.4,Reporting exceeds restaurant evidence
11209,408,404,257,9,2.23,88.3,38,-50.3,Reporting exceeds restaurant evidence
10028,345,322,199,6,1.86,84.9,31.8,-53.1,Reporting exceeds restaurant evidence
10312,151,100,71,0,0.00,54.7,0,-54.7,Reporting exceeds restaurant evidence
11379,160,61,40,0,0.00,58.7,0,-58.7,Reporting exceeds restaurant evidence
10039,240,31,18,0,0.00,73.7,0,-73.7,Reporting exceeds restaurant evidence