zip_code,state,county,city,population,population_density,median_household_income,average_household_income,median_age,poverty_rate,unemployment_rate,land_area_sq_mi,geoid
06390,New York,Suffolk,Southold,72.0,17.8,98125.0,101833.0,46.6,0.0,0.075,4.0466669958,860Z200US06390
10001,New York,New York,New York,30511.0,48893.8,129852.0,226529.0,35.8,0.106,0.057,0.6240229281,860Z200US10001
10002,New York,,,76873.0,,,,,,,,
10003,New York,,,53560.0,,,,,,,,
10004,New York,,,3711.0,,,,,,,,
10005,New York,,,9439.0,,,,,,,,
10006,New York,,,4096.0,,,,,,,,
10007,New York,,,7406.0,,,,,,,,
10009,New York,,,60209.0,,,,,,,,
10010,New York,,,30702.0,,,,,,,,
10011,New York,,,48277.0,,,,,,,,
10012,New York,,,21426.0,,,,,,,,
10013,New York,,,27219.0,,,,,,,,
10014,New York,,,29230.0,,,,,,,,
10016,New York,,,52971.0,,,,,,,,
10017,New York,,,15297.0,,,,,,,,
10018,New York,,,8559.0,,,,,,,,
10019,New York,,,44942.0,,,,,,,,
10020,New York,,,0.0,,,,,,,,
10021,New York,,,39868.0,,,,,,,,
10022,New York,,,34049.0,,,,,,,,
10023,New York,,,69455.0,,,,,,,,
10024,New York,,,63115.0,,,,,,,,
10025,New York,,,93065.0,,,,,,,,
10026,New York,,,37123.0,,,,,,,,
10027,New York,,,63885.0,,,,,,,,
10028,New York,,,49077.0,,,,,,,,
10029,New York,,,77447.0,,,,,,,,
10030,New York,,,29297.0,,,,,,,,
10031,New York,,,61058.0,,,,,,,,
10032,New York,,,55610.0,,,,,,,,
10033,New York,,,54838.0,,,,,,,,
10034,New York,,,37758.0,,,,,,,,
10035,New York,,,38862.0,,,,,,,,
10036,New York,,,31036.0,,,,,,,,
10037,New York,,,19031.0,,,,,,,,
10038,New York,,,22235.0,,,,,,,,
10039,New York,,,32492.0,,,,,,,,
10040,New York,,,40096.0,,,,,,,,
10044,New York,,,11520.0,,,,,,,,
10065,New York,,,30808.0,,,,,,,,
10069,New York,,,6509.0,,,,,,,,
10075,New York,,,21897.0,,,,,,,,
10103,New York,,,0.0,,,,,,,,
10110,New York,,,0.0,,,,,,,,
10111,New York,,,0.0,,,,,,,,
10112,New York,,,0.0,,,,,,,,
10115,New York,,,0.0,,,,,,,,
10119,New York,,,0.0,,,,,,,,
10128,New York,,,57976.0,,,,,,,,
10152,New York,,,7.0,,,,,,,,
10153,New York,,,0.0,,,,,,,,
10154,New York,,,0.0,,,,,,,,
10162,New York,,,1603.0,,,,,,,,
10165,New York,,,0.0,,,,,,,,
10167,New York,,,0.0,,,,,,,,
10168,New York,,,0.0,,,,,,,,
10169,New York,,,0.0,,,,,,,,
10170,New York,,,0.0,,,,,,,,
10171,New York,,,0.0,,,,,,,,
10172,New York,,,0.0,,,,,,,,
10173,New York,,,0.0,,,,,,,,
10174,New York,,,0.0,,,,,,,,
10177,New York,,,0.0,,,,,,,,
10199,New York,,,0.0,,,,,,,,
10271,New York,,,0.0,,,,,,,,
10278,New York,,,0.0,,,,,,,,
10279,New York,,,259.0,,,,,,,,
10280,New York,,,8933.0,,,,,,,,
10282,New York,,,5887.0,,,,,,,,
10301,New York,,,41052.0,,,,,,,,
10302,New York,,,19030.0,,,,,,,,
10303,New York,,,26497.0,,,,,,,,
10304,New York,,,45658.0,,,,,,,,
10305,New York,,,41270.0,,,,,,,,
10306,New York,,,57428.0,,,,,,,,
10307,New York,,,15512.0,,,,,,,,
10308,New York,,,30568.0,,,,,,,,
10309,New York,,,34885.0,,,,,,,,
10310,New York,,,25672.0,,,,,,,,
10311,New York,,,0.0,,,,,,,,
10312,New York,,,63469.0,,,,,,,,
10314,New York,,,93915.0,,,,,,,,
10451,New York,,,50942.0,,,,,,,,
10452,New York,,,75682.0,,,,,,,,
10453,New York,,,76282.0,,,,,,,,
10454,New York,,,39570.0,,,,,,,,
10455,New York,,,44801.0,,,,,,,,
10456,New York,,,87533.0,,,,,,,,
10457,New York,,,79543.0,,,,,,,,
10458,New York,,,74898.0,,,,,,,,
10459,New York,,,48270.0,,,,,,,,
10460,New York,,,59396.0,,,,,,,,
10461,New York,,,52012.0,,,,,,,,
10462,New York,,,76320.0,,,,,,,,
10463,New York,,,69470.0,,,,,,,,
10464,New York,,,3828.0,,,,,,,,
10465,New York,,,45404.0,,,,,,,,
10466,New York,,,71116.0,,,,,,,,
10467,New York,,,96421.0,,,,,,,,
10468,New York,,,75557.0,,,,,,,,
10469,New York,,,68521.0,,,,,,,,
10470,New York,,,16004.0,,,,,,,,
10471,New York,,,23798.0,,,,,,,,
10472,New York,,,64011.0,,,,,,,,
10473,New York,,,58855.0,,,,,,,,
10474,New York,,,11270.0,,,,,,,,
10475,New York,,,42578.0,,,,,,,,
10501,New York,,,1727.0,,,,,,,,
10502,New York,,,6197.0,,,,,,,,
10503,New York,,,132.0,,,,,,,,
10504,New York,,,7665.0,,,,,,,,
10505,New York,,,1119.0,,,,,,,,
10506,New York,,,6244.0,,,,,,,,
10507,New York,,,6109.0,,,,,,,,
10509,New York,,,20046.0,,,,,,,,
10510,New York,,,10226.0,,,,,,,,
10511,New York,,,2397.0,,,,,,,,
10512,New York,,,24234.0,,,,,,,,
10514,New York,,,11790.0,,,,,,,,
10516,New York,,,5362.0,,,,,,,,
10517,New York,,,584.0,,,,,,,,
10518,New York,,,992.0,,,,,,,,
10519,New York,,,99.0,,,,,,,,
10520,New York,,,12368.0,,,,,,,,
10522,New York,,,11502.0,,,,,,,,
10523,New York,,,9450.0,,,,,,,,
10524,New York,,,4578.0,,,,,,,,
10526,New York,,,2128.0,,,,,,,,
10527,New York,,,418.0,,,,,,,,
10528,New York,,,14091.0,,,,,,,,
10530,New York,,,13892.0,,,,,,,,
10532,New York,,,5347.0,,,,,,,,
10533,New York,,,7362.0,,,,,,,,
10535,New York,,,392.0,,,,,,,,
10536,New York,,,10669.0,,,,,,,,
10537,New York,,,2439.0,,,,,,,,
10538,New York,,,17760.0,,,,,,,,
10540,New York,,,108.0,,,,,,,,
10541,New York,,,26361.0,,,,,,,,
10542,New York,,,0.0,,,,,,,,
10543,New York,,,20989.0,,,,,,,,
10545,New York,,,185.0,,,,,,,,
10546,New York,,,1392.0,,,,,,,,
10547,New York,,,7205.0,,,,,,,,
10548,New York,,,4254.0,,,,,,,,
10549,New York,,,16135.0,,,,,,,,
10550,New York,,,38972.0,,,,,,,,
10552,New York,,,22341.0,,,,,,,,
10553,New York,,,11011.0,,,,,,,,
10560,New York,,,4918.0,,,,,,,,
10562,New York,,,33793.0,,,,,,,,
10566,New York,,,25625.0,,,,,,,,
10567,New York,,,19976.0,,,,,,,,
10570,New York,,,13289.0,,,,,,,,
10573,New York,,,40786.0,,,,,,,,
10576,New York,,,4891.0,,,,,,,,
10577,New York,,,5945.0,,,,,,,,
10578,New York,,,1780.0,,,,,,,,
10579,New York,,,9019.0,,,,,,,,
10580,New York,,,18391.0,,,,,,,,
10583,New York,,,40207.0,,,,,,,,
10588,New York,,,2783.0,,,,,,,,
10589,New York,,,7604.0,,,,,,,,
10590,New York,,,6989.0,,,,,,,,
10591,New York,,,23926.0,,,,,,,,
10594,New York,,,5110.0,,,,,,,,
10595,New York,,,7243.0,,,,,,,,
10596,New York,,,650.0,,,,,,,,
10597,New York,,,679.0,,,,,,,,
10598,New York,,,28821.0,,,,,,,,
10601,New York,,,11930.0,,,,,,,,
10603,New York,,,18910.0,,,,,,,,
10604,New York,,,12517.0,,,,,,,,
10605,New York,,,19493.0,,,,,,,,
10606,New York,,,17341.0,,,,,,,,
10607,New York,,,6466.0,,,,,,,,
10701,New York,,,70676.0,,,,,,,,
10703,New York,,,22586.0,,,,,,,,
10704,New York,,,31921.0,,,,,,,,
10705,New York,,,38887.0,,,,,,,,
10706,New York,,,9183.0,,,,,,,,
10707,New York,,,9688.0,,,,,,,,
10708,New York,,,22482.0,,,,,,,,
10709,New York,,,10352.0,,,,,,,,
10710,New York,,,25855.0,,,,,,,,
10801,New York,,,42754.0,,,,,,,,
10803,New York,,,13072.0,,,,,,,,
10804,New York,,,16108.0,,,,,,,,
10805,New York,,,20903.0,,,,,,,,
10901,New York,,,27095.0,,,,,,,,
10910,New York,,,0.0,,,,,,,,
10911,New York,,,0.0,,,,,,,,
10913,New York,,,5343.0,,,,,,,,
10914,New York,,,1205.0,,,,,,,,
10915,New York,,,0.0,,,,,,,,
10916,New York,,,4238.0,,,,,,,,
10917,New York,,,1923.0,,,,,,,,
10918,New York,,,12069.0,,,,,,,,
10919,New York,,,1551.0,,,,,,,,
10920,New York,,,8451.0,,,,,,,,
10921,New York,,,4231.0,,,,,,,,
10922,New York,,,1403.0,,,,,,,,
10923,New York,,,9069.0,,,,,,,,
10924,New York,,,13720.0,,,,,,,,
10925,New York,,,4313.0,,,,,,,,
10926,New York,,,3416.0,,,,,,,,
10927,New York,,,12325.0,,,,,,,,
10928,New York,,,5071.0,,,,,,,,
10930,New York,,,9569.0,,,,,,,,
10931,New York,,,1319.0,,,,,,,,
10932,New York,,,13.0,,,,,,,,
10933,New York,,,117.0,,,,,,,,
10940,New York,,,53611.0,,,,,,,,
10941,New York,,,14422.0,,,,,,,,
10950,New York,,,68136.0,,,,,,,,
10952,New York,,,48019.0,,,,,,,,
10953,New York,,,22.0,,,,,,,,
10954,New York,,,26495.0,,,,,,,,
10956,New York,,,31898.0,,,,,,,,
10958,New York,,,3054.0,,,,,,,,
10960,New York,,,15251.0,,,,,,,,
10962,New York,,,4767.0,,,,,,,,
10963,New York,,,3842.0,,,,,,,,
10964,New York,,,1333.0,,,,,,,,
10965,New York,,,15206.0,,,,,,,,
10968,New York,,,2456.0,,,,,,,,
10969,New York,,,1150.0,,,,,,,,
10970,New York,,,11497.0,,,,,,,,
10973,New York,,,2358.0,,,,,,,,
10974,New York,,,3382.0,,,,,,,,
10975,New York,,,246.0,,,,,,,,
10976,New York,,,2002.0,,,,,,,,
10977,New York,,,71571.0,,,,,,,,
10979,New York,,,222.0,,,,,,,,
10980,New York,,,13414.0,,,,,,,,
10983,New York,,,5934.0,,,,,,,,
10984,New York,,,2805.0,,,,,,,,
10985,New York,,,17.0,,,,,,,,
10986,New York,,,1806.0,,,,,,,,
10987,New York,,,4411.0,,,,,,,,
10988,New York,,,695.0,,,,,,,,
10989,New York,,,9187.0,,,,,,,,
10990,New York,,,20368.0,,,,,,,,
10992,New York,,,9843.0,,,,,,,,
10993,New York,,,4888.0,,,,,,,,
10994,New York,,,6370.0,,,,,,,,
10996,New York,,,6349.0,,,,,,,,
10998,New York,,,3889.0,,,,,,,,
11001,New York,,,25493.0,,,,,,,,
11003,New York,,,45174.0,,,,,,,,
11004,New York,,,13615.0,,,,,,,,
11005,New York,,,2174.0,,,,,,,,
11010,New York,,,25604.0,,,,,,,,
11020,New York,,,5676.0,,,,,,,,
11021,New York,,,19783.0,,,,,,,,
11023,New York,,,9630.0,,,,,,,,
11024,New York,,,9155.0,,,,,,,,
11030,New York,,,18051.0,,,,,,,,
11040,New York,,,41988.0,,,,,,,,
11042,New York,,,141.0,,,,,,,,
11050,New York,,,32794.0,,,,,,,,
11096,New York,,,10428.0,,,,,,,,
11101,New York,,,42219.0,,,,,,,,
11102,New York,,,28503.0,,,,,,,,
11103,New York,,,35163.0,,,,,,,,
11104,New York,,,26132.0,,,,,,,,
11105,New York,,,37936.0,,,,,,,,
11106,New York,,,40930.0,,,,,,,,
11109,New York,,,7948.0,,,,,,,,
11201,New York,,,70674.0,,,,,,,,
11203,New York,,,74817.0,,,,,,,,
11204,New York,,,79800.0,,,,,,,,
11205,New York,,,51676.0,,,,,,,,
11206,New York,,,93020.0,,,,,,,,
11207,New York,,,93198.0,,,,,,,,
11208,New York,,,105428.0,,,,,,,,
11209,New York,,,71004.0,,,,,,,,
11210,New York,,,57915.0,,,,,,,,
11211,New York,,,65314.0,,,,,,,,
11212,New York,,,89020.0,,,,,,,,
11213,New York,,,68846.0,,,,,,,,
11214,New York,,,89397.0,,,,,,,,
11215,New York,,,70441.0,,,,,,,,
11216,New York,,,60685.0,,,,,,,,
11217,New York,,,43490.0,,,,,,,,
11218,New York,,,72042.0,,,,,,,,
11219,New York,,,94196.0,,,,,,,,
11220,New York,,,90652.0,,,,,,,,
11221,New York,,,91588.0,,,,,,,,
11222,New York,,,42853.0,,,,,,,,
11223,New York,,,78093.0,,,,,,,,
11224,New York,,,50822.0,,,,,,,,
11225,New York,,,58158.0,,,,,,,,
11226,New York,,,95144.0,,,,,,,,
11228,New York,,,42241.0,,,,,,,,
11229,New York,,,78377.0,,,,,,,,
11230,New York,,,86978.0,,,,,,,,
11231,New York,,,38276.0,,,,,,,,
11232,New York,,,27816.0,,,,,,,,
11233,New York,,,81822.0,,,,,,,,
11234,New York,,,83187.0,,,,,,,,
11235,New York,,,78558.0,,,,,,,,
11236,New York,,,88051.0,,,,,,,,
11237,New York,,,45334.0,,,,,,,,
11238,New York,,,58345.0,,,,,,,,
11239,New York,,,16410.0,,,,,,,,
11249,New York,,,47728.0,,,,,,,,
11354,New York,,,53028.0,,,,,,,,
11355,New York,,,80801.0,,,,,,,,
11356,New York,,,25824.0,,,,,,,,
11357,New York,,,43346.0,,,,,,,,
11358,New York,,,37665.0,,,,,,,,
11359,New York,,,0.0,,,,,,,,
11360,New York,,,19469.0,,,,,,,,
11361,New York,,,30127.0,,,,,,,,
11362,New York,,,18492.0,,,,,,,,
11363,New York,,,7223.0,,,,,,,,
11364,New York,,,35276.0,,,,,,,,
11365,New York,,,42322.0,,,,,,,,
11366,New York,,,13463.0,,,,,,,,
11367,New York,,,40923.0,,,,,,,,
11368,New York,,,105716.0,,,,,,,,
11369,New York,,,35133.0,,,,,,,,
11370,New York,,,30267.0,,,,,,,,
11371,New York,,,0.0,,,,,,,,
11372,New York,,,64756.0,,,,,,,,
11373,New York,,,98403.0,,,,,,,,
11374,New York,,,46989.0,,,,,,,,
11375,New York,,,76839.0,,,,,,,,
11377,New York,,,81690.0,,,,,,,,
11378,New York,,,36392.0,,,,,,,,
11379,New York,,,36773.0,,,,,,,,
11385,New York,,,101704.0,,,,,,,,
11411,New York,,,20540.0,,,,,,,,
11412,New York,,,39828.0,,,,,,,,
11413,New York,,,45965.0,,,,,,,,
11414,New York,,,31308.0,,,,,,,,
11415,New York,,,21154.0,,,,,,,,
11416,New York,,,25919.0,,,,,,,,
11417,New York,,,30578.0,,,,,,,,
11418,New York,,,35481.0,,,,,,,,
11419,New York,,,47441.0,,,,,,,,
11420,New York,,,49415.0,,,,,,,,
11421,New York,,,40612.0,,,,,,,,
11422,New York,,,33757.0,,,,,,,,
11423,New York,,,28534.0,,,,,,,,
11424,New York,,,0.0,,,,,,,,
11426,New York,,,19411.0,,,,,,,,
11427,New York,,,24607.0,,,,,,,,
11428,New York,,,19028.0,,,,,,,,
11429,New York,,,26832.0,,,,,,,,
11430,New York,,,588.0,,,,,,,,
11432,New York,,,62892.0,,,,,,,,
11433,New York,,,37884.0,,,,,,,,
11434,New York,,,68263.0,,,,,,,,
11435,New York,,,56826.0,,,,,,,,
11436,New York,,,22527.0,,,,,,,,
11439,New York,,,2170.0,,,,,,,,
11451,New York,,,0.0,,,,,,,,
11501,New York,,,21641.0,,,,,,,,
11507,New York,,,6736.0,,,,,,,,
11509,New York,,,1790.0,,,,,,,,
11510,New York,,,35701.0,,,,,,,,
11514,New York,,,4544.0,,,,,,,,
11516,New York,,,9112.0,,,,,,,,
11518,New York,,,10149.0,,,,,,,,
11520,New York,,,44910.0,,,,,,,,
11530,New York,,,27939.0,,,,,,,,
11542,New York,,,28965.0,,,,,,,,
11545,New York,,,12172.0,,,,,,,,
11547,New York,,,706.0,,,,,,,,
11548,New York,,,2261.0,,,,,,,,
11549,New York,,,2359.0,,,,,,,,
11550,New York,,,60960.0,,,,,,,,
11552,New York,,,25174.0,,,,,,,,
11553,New York,,,27875.0,,,,,,,,
11554,New York,,,36821.0,,,,,,,,
11556,New York,,,0.0,,,,,,,,
11557,New York,,,8504.0,,,,,,,,
11558,New York,,,8454.0,,,,,,,,
11559,New York,,,8878.0,,,,,,,,
11560,New York,,,7696.0,,,,,,,,
11561,New York,,,38708.0,,,,,,,,
11563,New York,,,22899.0,,,,,,,,
11565,New York,,,9009.0,,,,,,,,
11566,New York,,,34741.0,,,,,,,,
11568,New York,,,4144.0,,,,,,,,
11569,New York,,,945.0,,,,,,,,
11570,New York,,,28908.0,,,,,,,,
11572,New York,,,30436.0,,,,,,,,
11575,New York,,,18705.0,,,,,,,,
11576,New York,,,12281.0,,,,,,,,
11577,New York,,,13077.0,,,,,,,,
11579,New York,,,5033.0,,,,,,,,
11580,New York,,,43092.0,,,,,,,,
11581,New York,,,22818.0,,,,,,,,
11590,New York,,,47599.0,,,,,,,,
11596,New York,,,10516.0,,,,,,,,
11598,New York,,,13599.0,,,,,,,,
11691,New York,,,69359.0,,,,,,,,
11692,New York,,,22734.0,,,,,,,,
11693,New York,,,13244.0,,,,,,,,
11694,New York,,,21489.0,,,,,,,,
11697,New York,,,4429.0,,,,,,,,
11701,New York,,,29509.0,,,,,,,,
11702,New York,,,13909.0,,,,,,,,
11703,New York,,,17187.0,,,,,,,,
11704,New York,,,40706.0,,,,,,,,
11705,New York,,,8284.0,,,,,,,,
11706,New York,,,68976.0,,,,,,,,
11709,New York,,,6744.0,,,,,,,,
11710,New York,,,34834.0,,,,,,,,
11713,New York,,,9218.0,,,,,,,,
11714,New York,,,22695.0,,,,,,,,
11715,New York,,,3936.0,,,,,,,,
11716,New York,,,9659.0,,,,,,,,
11717,New York,,,,,,,,,,,
11718,New York,,,3179.0,,,,,,,,
11719,New York,,,3235.0,,,,,,,,
11720,New York,,,29292.0,,,,,,,,
11721,New York,,,6426.0,,,,,,,,
11722,New York,,,39033.0,,,,,,,,
11724,New York,,,3073.0,,,,,,,,
11725,New York,,,29073.0,,,,,,,,
11726,New York,,,21455.0,,,,,,,,
11727,New York,,,28495.0,,,,,,,,
11729,New York,,,27231.0,,,,,,,,
11730,New York,,,14247.0,,,,,,,,
11731,New York,,,29999.0,,,,,,,,
11732,New York,,,3228.0,,,,,,,,
11733,New York,,,17752.0,,,,,,,,
11735,New York,,,32028.0,,,,,,,,
11738,New York,,,18877.0,,,,,,,,
11739,New York,,,1225.0,,,,,,,,
11740,New York,,,10127.0,,,,,,,,
11741,New York,,,26667.0,,,,,,,,
11742,New York,,,13202.0,,,,,,,,
11743,New York,,,43490.0,,,,,,,,
11746,New York,,,65747.0,,,,,,,,
11747,New York,,,20513.0,,,,,,,,
11749,New York,,,3600.0,,,,,,,,
11751,New York,,,13726.0,,,,,,,,
11752,New York,,,9204.0,,,,,,,,
11753,New York,,,12435.0,,,,,,,,
11754,New York,,,17565.0,,,,,,,,
11755,New York,,,12144.0,,,,,,,,
11756,New York,,,42665.0,,,,,,,,
11757,New York,,,44413.0,,,,,,,,
11758,New York,,,54375.0,,,,,,,,
11762,New York,,,22487.0,,,,,,,,
11763,New York,,,29973.0,,,,,,,,
11764,New York,,,12551.0,,,,,,,,
11765,New York,,,683.0,,,,,,,,
11766,New York,,,10750.0,,,,,,,,
11767,New York,,,14964.0,,,,,,,,
11768,New York,,,22030.0,,,,,,,,
11769,New York,,,8935.0,,,,,,,,
11770,New York,,,77.0,,,,,,,,
11771,New York,,,10908.0,,,,,,,,
11772,New York,,,45023.0,,,,,,,,
11776,New York,,,22808.0,,,,,,,,
11777,New York,,,9396.0,,,,,,,,
11778,New York,,,12390.0,,,,,,,,
11779,New York,,,38206.0,,,,,,,,
11780,New York,,,15018.0,,,,,,,,
11782,New York,,,14405.0,,,,,,,,
11783,New York,,,21127.0,,,,,,,,
11784,New York,,,26244.0,,,,,,,,
11786,New York,,,6459.0,,,,,,,,
11787,New York,,,34499.0,,,,,,,,
11788,New York,,,17374.0,,,,,,,,
11789,New York,,,7369.0,,,,,,,,
11790,New York,,,21074.0,,,,,,,,
11791,New York,,,25520.0,,,,,,,,
11792,New York,,,8904.0,,,,,,,,
11793,New York,,,32349.0,,,,,,,,
11794,New York,,,831.0,,,,,,,,
11795,New York,,,25379.0,,,,,,,,
11796,New York,,,3560.0,,,,,,,,
11797,New York,,,9402.0,,,,,,,,
11798,New York,,,,,,,,,,,
11801,New York,,,41585.0,,,,,,,,
11803,New York,,,29713.0,,,,,,,,
11804,New York,,,4835.0,,,,,,,,
11901,New York,,,33091.0,,,,,,,,
11930,New York,,,842.0,,,,,,,,
11931,New York,,,27.0,,,,,,,,
11932,New York,,,725.0,,,,,,,,
11933,New York,,,6693.0,,,,,,,,
11934,New York,,,9418.0,,,,,,,,
11935,New York,,,2863.0,,,,,,,,
11937,New York,,,21882.0,,,,,,,,
11939,New York,,,1331.0,,,,,,,,
11940,New York,,,5819.0,,,,,,,,
11941,New York,,,2814.0,,,,,,,,
11942,New York,,,5406.0,,,,,,,,
11944,New York,,,5037.0,,,,,,,,
11946,New York,,,15819.0,,,,,,,,
11947,New York,,,148.0,,,,,,,,
11948,New York,,,924.0,,,,,,,,
11949,New York,,,14563.0,,,,,,,,
11950,New York,,,17599.0,,,,,,,,
11951,New York,,,15938.0,,,,,,,,
11952,New York,,,5040.0,,,,,,,,
11953,New York,,,12846.0,,,,,,,,
11954,New York,,,4223.0,,,,,,,,
11955,New York,,,2458.0,,,,,,,,
11956,New York,,,298.0,,,,,,,,
11957,New York,,,1121.0,,,,,,,,
11958,New York,,,884.0,,,,,,,,
11959,New York,,,734.0,,,,,,,,
11960,New York,,,830.0,,,,,,,,
11961,New York,,,12315.0,,,,,,,,
11962,New York,,,712.0,,,,,,,,
11963,New York,,,8390.0,,,,,,,,
11964,New York,,,2906.0,,,,,,,,
11965,New York,,,404.0,,,,,,,,
11967,New York,,,27975.0,,,,,,,,
11968,New York,,,15312.0,,,,,,,,
11970,New York,,,416.0,,,,,,,,
11971,New York,,,6361.0,,,,,,,,
11972,New York,,,334.0,,,,,,,,
11973,New York,,,48.0,,,,,,,,
11975,New York,,,450.0,,,,,,,,
11976,New York,,,2952.0,,,,,,,,
11977,New York,,,2843.0,,,,,,,,
11978,New York,,,4705.0,,,,,,,,
11980,New York,,,5855.0,,,,,,,,
12007,New York,,,331.0,,,,,,,,
12008,New York,,,422.0,,,,,,,,
12009,New York,,,7934.0,,,,,,,,
12010,New York,,,27750.0,,,,,,,,
12015,New York,,,3852.0,,,,,,,,
12017,New York,,,471.0,,,,,,,,
12018,New York,,,7422.0,,,,,,,,
12019,New York,,,15555.0,,,,,,,,
12020,New York,,,34937.0,,,,,,,,
12022,New York,,,1120.0,,,,,,,,
12023,New York,,,1791.0,,,,,,,,
12024,New York,,,78.0,,,,,,,,
12025,New York,,,5244.0,,,,,,,,
12027,New York,,,4693.0,,,,,,,,
12028,New York,,,1557.0,,,,,,,,
12029,New York,,,1069.0,,,,,,,,
12031,New York,,,120.0,,,,,,,,
12032,New York,,,662.0,,,,,,,,
12033,New York,,,7932.0,,,,,,,,
12035,New York,,,566.0,,,,,,,,
12036,New York,,,223.0,,,,,,,,
12037,New York,,,3926.0,,,,,,,,
12040,New York,,,27.0,,,,,,,,
12041,New York,,,468.0,,,,,,,,
12042,New York,,,280.0,,,,,,,,
12043,New York,,,8287.0,,,,,,,,
12045,New York,,,207.0,,,,,,,,
12046,New York,,,358.0,,,,,,,,
12047,New York,,,23532.0,,,,,,,,
12051,New York,,,5876.0,,,,,,,,
12052,New York,,,1915.0,,,,,,,,
12053,New York,,,4550.0,,,,,,,,
12054,New York,,,17436.0,,,,,,,,
12056,New York,,,1695.0,,,,,,,,
12057,New York,,,1789.0,,,,,,,,
12058,New York,,,1220.0,,,,,,,,
12059,New York,,,1530.0,,,,,,,,
12060,New York,,,1859.0,,,,,,,,
12061,New York,,,9854.0,,,,,,,,
12062,New York,,,1650.0,,,,,,,,
12063,New York,,,665.0,,,,,,,,
12064,New York,,,342.0,,,,,,,,
12065,New York,,,45116.0,,,,,,,,
12066,New York,,,1863.0,,,,,,,,
12067,New York,,,1165.0,,,,,,,,
12068,New York,,,2503.0,,,,,,,,
12069,New York,,,425.0,,,,,,,,
12070,New York,,,2011.0,,,,,,,,
12071,New York,,,283.0,,,,,,,,
12072,New York,,,2882.0,,,,,,,,
12074,New York,,,2848.0,,,,,,,,
12075,New York,,,3248.0,,,,,,,,
12076,New York,,,1549.0,,,,,,,,
12077,New York,,,7017.0,,,,,,,,
12078,New York,,,22589.0,,,,,,,,
12082,New York,,,2.0,,,,,,,,
12083,New York,,,3844.0,,,,,,,,
12084,New York,,,5328.0,,,,,,,,
12085,New York,,,357.0,,,,,,,,
12086,New York,,,1587.0,,,,,,,,
12087,New York,,,1584.0,,,,,,,,
12090,New York,,,5482.0,,,,,,,,
12092,New York,,,1208.0,,,,,,,,
12093,New York,,,1276.0,,,,,,,,
12094,New York,,,2656.0,,,,,,,,
12095,New York,,,12391.0,,,,,,,,
12106,New York,,,1864.0,,,,,,,,
12108,New York,,,350.0,,,,,,,,
12110,New York,,,20081.0,,,,,,,,
12115,New York,,,60.0,,,,,,,,
12116,New York,,,1787.0,,,,,,,,
12117,New York,,,2871.0,,,,,,,,
12118,New York,,,17069.0,,,,,,,,
12120,New York,,,600.0,,,,,,,,
12121,New York,,,2280.0,,,,,,,,
12122,New York,,,3596.0,,,,,,,,
12123,New York,,,4457.0,,,,,,,,
12124,New York,,,298.0,,,,,,,,
12125,New York,,,1141.0,,,,,,,,
12130,New York,,,233.0,,,,,,,,
12131,New York,,,183.0,,,,,,,,
12132,New York,,,111.0,,,,,,,,
12134,New York,,,3846.0,,,,,,,,
12136,New York,,,1043.0,,,,,,,,
12137,New York,,,2077.0,,,,,,,,
12138,New York,,,2695.0,,,,,,,,
12139,New York,,,227.0,,,,,,,,
12140,New York,,,1512.0,,,,,,,,
12143,New York,,,5664.0,,,,,,,,
12144,New York,,,22111.0,,,,,,,,
12147,New York,,,466.0,,,,,,,,
12148,New York,,,4023.0,,,,,,,,
12149,New York,,,2038.0,,,,,,,,
12150,New York,,,710.0,,,,,,,,
12151,New York,,,967.0,,,,,,,,
12153,New York,,,669.0,,,,,,,,
12154,New York,,,2777.0,,,,,,,,
12155,New York,,,1685.0,,,,,,,,
12156,New York,,,808.0,,,,,,,,
12157,New York,,,4713.0,,,,,,,,
12158,New York,,,5878.0,,,,,,,,
12159,New York,,,8163.0,,,,,,,,
12160,New York,,,716.0,,,,,,,,
12161,New York,,,99.0,,,,,,,,
12164,New York,,,539.0,,,,,,,,
12165,New York,,,220.0,,,,,,,,
12166,New York,,,1635.0,,,,,,,,
12167,New York,,,2279.0,,,,,,,,
12168,New York,,,1752.0,,,,,,,,
12169,New York,,,417.0,,,,,,,,
12170,New York,,,5351.0,,,,,,,,
12172,New York,,,176.0,,,,,,,,
12173,New York,,,2099.0,,,,,,,,
12174,New York,,,427.0,,,,,,,,
12175,New York,,,612.0,,,,,,,,
12176,New York,,,393.0,,,,,,,,
12177,New York,,,387.0,,,,,,,,
12180,New York,,,53479.0,,,,,,,,
12182,New York,,,14867.0,,,,,,,,
12183,New York,,,2970.0,,,,,,,,
12184,New York,,,7787.0,,,,,,,,
12185,New York,,,1709.0,,,,,,,,
12186,New York,,,6512.0,,,,,,,,
12187,New York,,,752.0,,,,,,,,
12188,New York,,,10988.0,,,,,,,,
12189,New York,,,18656.0,,,,,,,,
12190,New York,,,671.0,,,,,,,,
12192,New York,,,1077.0,,,,,,,,
12193,New York,,,1746.0,,,,,,,,
12194,New York,,,162.0,,,,,,,,
12195,New York,,,162.0,,,,,,,,
12196,New York,,,3880.0,,,,,,,,
12197,New York,,,2298.0,,,,,,,,
12198,New York,,,6796.0,,,,,,,,
12202,New York,,,10166.0,,,,,,,,
12203,New York,,,30771.0,,,,,,,,
12204,New York,,,7812.0,,,,,,,,
12205,New York,,,25838.0,,,,,,,,
12206,New York,,,14572.0,,,,,,,,
12207,New York,,,1988.0,,,,,,,,
12208,New York,,,23289.0,,,,,,,,
12209,New York,,,10626.0,,,,,,,,
12210,New York,,,10297.0,,,,,,,,
12211,New York,,,14383.0,,,,,,,,
12222,New York,,,6889.0,,,,,,,,
12226,New York,,,0.0,,,,,,,,
12302,New York,,,28031.0,,,,,,,,
12303,New York,,,29360.0,,,,,,,,
12304,New York,,,22403.0,,,,,,,,
12305,New York,,,7356.0,,,,,,,,
12306,New York,,,27865.0,,,,,,,,
12307,New York,,,7050.0,,,,,,,,
12308,New York,,,15511.0,,,,,,,,
12309,New York,,,33246.0,,,,,,,,
12401,New York,,,35136.0,,,,,,,,
12404,New York,,,3935.0,,,,,,,,
12405,New York,,,447.0,,,,,,,,
12406,New York,,,644.0,,,,,,,,
12407,New York,,,215.0,,,,,,,,
12409,New York,,,865.0,,,,,,,,
12410,New York,,,343.0,,,,,,,,
12411,New York,,,325.0,,,,,,,,
12412,New York,,,475.0,,,,,,,,
12413,New York,,,3368.0,,,,,,,,
12414,New York,,,10169.0,,,,,,,,
12416,New York,,,106.0,,,,,,,,
12417,New York,,,828.0,,,,,,,,
12418,New York,,,427.0,,,,,,,,
12419,New York,,,1081.0,,,,,,,,
12420,New York,,,381.0,,,,,,,,
12421,New York,,,261.0,,,,,,,,
12422,New York,,,399.0,,,,,,,,
12423,New York,,,970.0,,,,,,,,
12424,New York,,,239.0,,,,,,,,
12427,New York,,,935.0,,,,,,,,
12428,New York,,,6995.0,,,,,,,,
12429,New York,,,185.0,,,,,,,,
12430,New York,,,1253.0,,,,,,,,
12431,New York,,,1909.0,,,,,,,,
12432,New York,,,697.0,,,,,,,,
12433,New York,,,470.0,,,,,,,,
12434,New York,,,944.0,,,,,,,,
12435,New York,,,209.0,,,,,,,,
12436,New York,,,607.0,,,,,,,,
12438,New York,,,190.0,,,,,,,,
12439,New York,,,384.0,,,,,,,,
12440,New York,,,1826.0,,,,,,,,
12441,New York,,,106.0,,,,,,,,
12442,New York,,,537.0,,,,,,,,
12443,New York,,,3559.0,,,,,,,,
12444,New York,,,576.0,,,,,,,,
12446,New York,,,5414.0,,,,,,,,
12448,New York,,,207.0,,,,,,,,
12449,New York,,,3010.0,,,,,,,,
12450,New York,,,215.0,,,,,,,,
12451,New York,,,909.0,,,,,,,,
12452,New York,,,33.0,,,,,,,,
12453,New York,,,241.0,,,,,,,,
12454,New York,,,266.0,,,,,,,,
12455,New York,,,1689.0,,,,,,,,
12456,New York,,,390.0,,,,,,,,
12457,New York,,,1041.0,,,,,,,,
12458,New York,,,3074.0,,,,,,,,
12459,New York,,,30.0,,,,,,,,
12460,New York,,,152.0,,,,,,,,
12461,New York,,,1604.0,,,,,,,,
12463,New York,,,1373.0,,,,,,,,
12464,New York,,,1033.0,,,,,,,,
12465,New York,,,255.0,,,,,,,,
12466,New York,,,1981.0,,,,,,,,
12468,New York,,,1329.0,,,,,,,,
12469,New York,,,798.0,,,,,,,,
12470,New York,,,618.0,,,,,,,,
12471,New York,,,237.0,,,,,,,,
12472,New York,,,1146.0,,,,,,,,
12473,New York,,,831.0,,,,,,,,
12474,New York,,,857.0,,,,,,,,
12475,New York,,,557.0,,,,,,,,
12477,New York,,,19066.0,,,,,,,,
12480,New York,,,510.0,,,,,,,,
12481,New York,,,1247.0,,,,,,,,
12482,New York,,,619.0,,,,,,,,
12483,New York,,,45.0,,,,,,,,
12484,New York,,,3155.0,,,,,,,,
12485,New York,,,1021.0,,,,,,,,
12486,New York,,,1440.0,,,,,,,,
12487,New York,,,4035.0,,,,,,,,
12489,New York,,,93.0,,,,,,,,
12490,New York,,,0.0,,,,,,,,
12491,New York,,,1981.0,,,,,,,,
12492,New York,,,298.0,,,,,,,,
12493,New York,,,526.0,,,,,,,,
12494,New York,,,934.0,,,,,,,,
12495,New York,,,277.0,,,,,,,,
12496,New York,,,1164.0,,,,,,,,
12498,New York,,,4572.0,,,,,,,,
12501,New York,,,2476.0,,,,,,,,
12502,New York,,,984.0,,,,,,,,
12503,New York,,,732.0,,,,,,,,
12504,New York,,,961.0,,,,,,,,
12507,New York,,,227.0,,,,,,,,
12508,New York,,,19566.0,,,,,,,,
12512,New York,,,194.0,,,,,,,,
12513,New York,,,228.0,,,,,,,,
12514,New York,,,3107.0,,,,,,,,
12515,New York,,,1492.0,,,,,,,,
12516,New York,,,1925.0,,,,,,,,
12517,New York,,,187.0,,,,,,,,
12518,New York,,,6114.0,,,,,,,,
12520,New York,,,3081.0,,,,,,,,
12521,New York,,,2056.0,,,,,,,,
12522,New York,,,4959.0,,,,,,,,
12523,New York,,,1908.0,,,,,,,,
12524,New York,,,15026.0,,,,,,,,
12525,New York,,,2749.0,,,,,,,,
12526,New York,,,3548.0,,,,,,,,
12527,New York,,,40.0,,,,,,,,
12528,New York,,,13827.0,,,,,,,,
12529,New York,,,2410.0,,,,,,,,
12530,New York,,,270.0,,,,,,,,
12531,New York,,,2337.0,,,,,,,,
12533,New York,,,27325.0,,,,,,,,
12534,New York,,,17176.0,,,,,,,,
12538,New York,,,14391.0,,,,,,,,
12540,New York,,,8856.0,,,,,,,,
12542,New York,,,5612.0,,,,,,,,
12543,New York,,,3190.0,,,,,,,,
12544,New York,,,127.0,,,,,,,,
12545,New York,,,4338.0,,,,,,,,
12546,New York,,,2706.0,,,,,,,,
12547,New York,,,3144.0,,,,,,,,
12548,New York,,,1064.0,,,,,,,,
12549,New York,,,10745.0,,,,,,,,
12550,New York,,,55152.0,,,,,,,,
12553,New York,,,27384.0,,,,,,,,
12561,New York,,,19830.0,,,,,,,,
12563,New York,,,7304.0,,,,,,,,
12564,New York,,,7734.0,,,,,,,,
12565,New York,,,1439.0,,,,,,,,
12566,New York,,,10269.0,,,,,,,,
12567,New York,,,2695.0,,,,,,,,
12569,New York,,,9837.0,,,,,,,,
12570,New York,,,6698.0,,,,,,,,
12571,New York,,,10108.0,,,,,,,,
12572,New York,,,8869.0,,,,,,,,
12574,New York,,,619.0,,,,,,,,
12575,New York,,,1600.0,,,,,,,,
12577,New York,,,1942.0,,,,,,,,
12578,New York,,,2249.0,,,,,,,,
12580,New York,,,4542.0,,,,,,,,
12581,New York,,,1914.0,,,,,,,,
12582,New York,,,5786.0,,,,,,,,
12583,New York,,,1994.0,,,,,,,,
12585,New York,,,1144.0,,,,,,,,
12586,New York,,,12971.0,,,,,,,,
12589,New York,,,18646.0,,,,,,,,
12590,New York,,,35712.0,,,,,,,,
12592,New York,,,1226.0,,,,,,,,
12594,New York,,,4222.0,,,,,,,,
12601,New York,,,44164.0,,,,,,,,
12603,New York,,,42304.0,,,,,,,,
12604,New York,,,2316.0,,,,,,,,
12701,New York,,,12197.0,,,,,,,,
12719,New York,,,1339.0,,,,,,,,
12720,New York,,,447.0,,,,,,,,
12721,New York,,,7359.0,,,,,,,,
12722,New York,,,0.0,,,,,,,,
12723,New York,,,1923.0,,,,,,,,
12724,New York,,,60.0,,,,,,,,
12725,New York,,,403.0,,,,,,,,
12726,New York,,,1168.0,,,,,,,,
12729,New York,,,1203.0,,,,,,,,
12732,New York,,,776.0,,,,,,,,
12733,New York,,,1865.0,,,,,,,,
12734,New York,,,950.0,,,,,,,,
12736,New York,,,145.0,,,,,,,,
12737,New York,,,1513.0,,,,,,,,
12738,New York,,,423.0,,,,,,,,
12740,New York,,,1732.0,,,,,,,,
12741,New York,,,222.0,,,,,,,,
12742,New York,,,253.0,,,,,,,,
12743,New York,,,279.0,,,,,,,,
12745,New York,,,20.0,,,,,,,,
12746,New York,,,778.0,,,,,,,,
12747,New York,,,2234.0,,,,,,,,
12748,New York,,,1518.0,,,,,,,,
12749,New York,,,419.0,,,,,,,,
12750,New York,,,33.0,,,,,,,,
12751,New York,,,1407.0,,,,,,,,
12752,New York,,,309.0,,,,,,,,
12754,New York,,,8296.0,,,,,,,,
12758,New York,,,4025.0,,,,,,,,
12759,New York,,,1619.0,,,,,,,,
12760,New York,,,367.0,,,,,,,,
12762,New York,,,394.0,,,,,,,,
12763,New York,,,890.0,,,,,,,,
12764,New York,,,1861.0,,,,,,,,
12765,New York,,,873.0,,,,,,,,
12766,New York,,,535.0,,,,,,,,
12767,New York,,,156.0,,,,,,,,
12768,New York,,,857.0,,,,,,,,
12769,New York,,,325.0,,,,,,,,
12770,New York,,,145.0,,,,,,,,
12771,New York,,,14049.0,,,,,,,,
12775,New York,,,2623.0,,,,,,,,
12776,New York,,,2073.0,,,,,,,,
12777,New York,,,695.0,,,,,,,,
12778,New York,,,707.0,,,,,,,,
12779,New York,,,2205.0,,,,,,,,
12780,New York,,,2346.0,,,,,,,,
12781,New York,,,177.0,,,,,,,,
12783,New York,,,1060.0,,,,,,,,
12784,New York,,,0.0,,,,,,,,
12785,New York,,,917.0,,,,,,,,
12786,New York,,,610.0,,,,,,,,
12787,New York,,,192.0,,,,,,,,
12788,New York,,,3037.0,,,,,,,,
12789,New York,,,2594.0,,,,,,,,
12790,New York,,,4537.0,,,,,,,,
12791,New York,,,763.0,,,,,,,,
12792,New York,,,163.0,,,,,,,,
12801,New York,,,14628.0,,,,,,,,
12803,New York,,,9712.0,,,,,,,,
12804,New York,,,28208.0,,,,,,,,
12808,New York,,,284.0,,,,,,,,
12809,New York,,,3669.0,,,,,,,,
12810,New York,,,471.0,,,,,,,,
12811,New York,,,181.0,,,,,,,,
12812,New York,,,265.0,,,,,,,,
12814,New York,,,1168.0,,,,,,,,
12815,New York,,,1140.0,,,,,,,,
12816,New York,,,4824.0,,,,,,,,
12817,New York,,,2168.0,,,,,,,,
12819,New York,,,350.0,,,,,,,,
12820,New York,,,10.0,,,,,,,,
12821,New York,,,2124.0,,,,,,,,
12822,New York,,,6284.0,,,,,,,,
12823,New York,,,597.0,,,,,,,,
12824,New York,,,1143.0,,,,,,,,
12827,New York,,,3716.0,,,,,,,,
12828,New York,,,9230.0,,,,,,,,
12831,New York,,,18025.0,,,,,,,,
12832,New York,,,6153.0,,,,,,,,
12833,New York,,,5316.0,,,,,,,,
12834,New York,,,6039.0,,,,,,,,
12835,New York,,,2708.0,,,,,,,,
12836,New York,,,498.0,,,,,,,,
12837,New York,,,1021.0,,,,,,,,
12838,New York,,,734.0,,,,,,,,
12839,New York,,,13541.0,,,,,,,,
12841,New York,,,74.0,,,,,,,,
12842,New York,,,995.0,,,,,,,,
12843,New York,,,461.0,,,,,,,,
12844,New York,,,172.0,,,,,,,,
12845,New York,,,4370.0,,,,,,,,
12846,New York,,,3013.0,,,,,,,,
12847,New York,,,740.0,,,,,,,,
12849,New York,,,371.0,,,,,,,,
12850,New York,,,2537.0,,,,,,,,
12851,New York,,,275.0,,,,,,,,
12852,New York,,,490.0,,,,,,,,
12853,New York,,,1235.0,,,,,,,,
12854,New York,,,86.0,,,,,,,,
12855,New York,,,208.0,,,,,,,,
12856,New York,,,260.0,,,,,,,,
12857,New York,,,606.0,,,,,,,,
12858,New York,,,118.0,,,,,,,,
12859,New York,,,1622.0,,,,,,,,
12860,New York,,,419.0,,,,,,,,
12861,New York,,,501.0,,,,,,,,
12862,New York,,,127.0,,,,,,,,
12863,New York,,,910.0,,,,,,,,
12864,New York,,,8.0,,,,,,,,
12865,New York,,,3356.0,,,,,,,,
12866,New York,,,40057.0,,,,,,,,
12870,New York,,,1756.0,,,,,,,,
12871,New York,,,3813.0,,,,,,,,
12872,New York,,,22.0,,,,,,,,
12873,New York,,,886.0,,,,,,,,
12874,New York,,,205.0,,,,,,,,
12878,New York,,,819.0,,,,,,,,
12883,New York,,,4744.0,,,,,,,,
12884,New York,,,538.0,,,,,,,,
12885,New York,,,4444.0,,,,,,,,
12886,New York,,,215.0,,,,,,,,
12887,New York,,,4691.0,,,,,,,,
12901,New York,,,31447.0,,,,,,,,
12903,New York,,,1824.0,,,,,,,,
12910,New York,,,1890.0,,,,,,,,
12911,New York,,,41.0,,,,,,,,
12912,New York,,,1682.0,,,,,,,,
12913,New York,,,989.0,,,,,,,,
12914,New York,,,711.0,,,,,,,,
12915,New York,,,55.0,,,,,,,,
12916,New York,,,2143.0,,,,,,,,
12917,New York,,,1221.0,,,,,,,,
12918,New York,,,2412.0,,,,,,,,
12919,New York,,,2961.0,,,,,,,,
12920,New York,,,2624.0,,,,,,,,
12921,New York,,,2304.0,,,,,,,,
12922,New York,,,44.0,,,,,,,,
12923,New York,,,532.0,,,,,,,,
12924,New York,,,333.0,,,,,,,,
12926,New York,,,2371.0,,,,,,,,
12927,New York,,,318.0,,,,,,,,
12928,New York,,,1984.0,,,,,,,,
12929,New York,,,2684.0,,,,,,,,
12930,New York,,,897.0,,,,,,,,
12932,New York,,,1278.0,,,,,,,,
12933,New York,,,7.0,,,,,,,,
12934,New York,,,1120.0,,,,,,,,
12935,New York,,,1180.0,,,,,,,,
12936,New York,,,691.0,,,,,,,,
12937,New York,,,1300.0,,,,,,,,
12939,New York,,,173.0,,,,,,,,
12941,New York,,,1487.0,,,,,,,,
12942,New York,,,450.0,,,,,,,,
12943,New York,,,260.0,,,,,,,,
12944,New York,,,3910.0,,,,,,,,
12945,New York,,,391.0,,,,,,,,
12946,New York,,,4872.0,,,,,,,,
12950,New York,,,628.0,,,,,,,,
12952,New York,,,286.0,,,,,,,,
12953,New York,,,12893.0,,,,,,,,
12955,New York,,,503.0,,,,,,,,
12956,New York,,,1271.0,,,,,,,,
12957,New York,,,1781.0,,,,,,,,
12958,New York,,,1827.0,,,,,,,,
12959,New York,,,1627.0,,,,,,,,
12960,New York,,,1143.0,,,,,,,,
12961,New York,,,22.0,,,,,,,,
12962,New York,,,5654.0,,,,,,,,
12964,New York,,,73.0,,,,,,,,
12965,New York,,,363.0,,,,,,,,
12966,New York,,,2656.0,,,,,,,,
12967,New York,,,1263.0,,,,,,,,
12969,New York,,,279.0,,,,,,,,
12970,New York,,,1084.0,,,,,,,,
12972,New York,,,6895.0,,,,,,,,
12973,New York,,,154.0,,,,,,,,
12974,New York,,,1617.0,,,,,,,,
12975,New York,,,78.0,,,,,,,,
12976,New York,,,137.0,,,,,,,,
12977,New York,,,1213.0,,,,,,,,
12978,New York,,,340.0,,,,,,,,
12979,New York,,,2465.0,,,,,,,,
12980,New York,,,1075.0,,,,,,,,
12981,New York,,,2259.0,,,,,,,,
12983,New York,,,7296.0,,,,,,,,
12985,New York,,,755.0,,,,,,,,
12986,New York,,,5326.0,,,,,,,,
12987,New York,,,119.0,,,,,,,,
12989,New York,,,1110.0,,,,,,,,
12992,New York,,,4615.0,,,,,,,,
12993,New York,,,1926.0,,,,,,,,
12996,New York,,,1903.0,,,,,,,,
12997,New York,,,1251.0,,,,,,,,
12998,New York,,,399.0,,,,,,,,
13020,New York,,,86.0,,,,,,,,
13021,New York,,,37247.0,,,,,,,,
13024,New York,,,1230.0,,,,,,,,
13026,New York,,,1619.0,,,,,,,,
13027,New York,,,35088.0,,,,,,,,
13028,New York,,,1162.0,,,,,,,,
13029,New York,,,7725.0,,,,,,,,
13030,New York,,,3635.0,,,,,,,,
13031,New York,,,16285.0,,,,,,,,
13032,New York,,,12850.0,,,,,,,,
13033,New York,,,3732.0,,,,,,,,
13034,New York,,,2029.0,,,,,,,,
13035,New York,,,8428.0,,,,,,,,
13036,New York,,,8616.0,,,,,,,,
13037,New York,,,9607.0,,,,,,,,
13039,New York,,,16951.0,,,,,,,,
13040,New York,,,2595.0,,,,,,,,
13041,New York,,,12330.0,,,,,,,,
13042,New York,,,1960.0,,,,,,,,
13044,New York,,,2643.0,,,,,,,,
13045,New York,,,28361.0,,,,,,,,
13051,New York,,,47.0,,,,,,,,
13052,New York,,,1759.0,,,,,,,,
13053,New York,,,4794.0,,,,,,,,
13054,New York,,,1334.0,,,,,,,,
13057,New York,,,14253.0,,,,,,,,
13060,New York,,,2725.0,,,,,,,,
13061,New York,,,668.0,,,,,,,,
13062,New York,,,195.0,,,,,,,,
13063,New York,,,1624.0,,,,,,,,
13065,New York,,,80.0,,,,,,,,
13066,New York,,,12504.0,,,,,,,,
13068,New York,,,4592.0,,,,,,,,
13069,New York,,,22810.0,,,,,,,,
13071,New York,,,796.0,,,,,,,,
13072,New York,,,840.0,,,,,,,,
13073,New York,,,6054.0,,,,,,,,
13074,New York,,,4496.0,,,,,,,,
13076,New York,,,2778.0,,,,,,,,
13077,New York,,,6405.0,,,,,,,,
13078,New York,,,10119.0,,,,,,,,
13080,New York,,,3313.0,,,,,,,,
13081,New York,,,1122.0,,,,,,,,
13082,New York,,,4314.0,,,,,,,,
13083,New York,,,1835.0,,,,,,,,
13084,New York,,,4159.0,,,,,,,,
13087,New York,,,116.0,,,,,,,,
13088,New York,,,22073.0,,,,,,,,
13090,New York,,,29004.0,,,,,,,,
13092,New York,,,2689.0,,,,,,,,
13101,New York,,,2358.0,,,,,,,,
13102,New York,,,36.0,,,,,,,,
13103,New York,,,224.0,,,,,,,,
13104,New York,,,16168.0,,,,,,,,
13108,New York,,,6093.0,,,,,,,,
13110,New York,,,2494.0,,,,,,,,
13111,New York,,,1463.0,,,,,,,,
13112,New York,,,2140.0,,,,,,,,
13113,New York,,,56.0,,,,,,,,
13114,New York,,,7214.0,,,,,,,,
13115,New York,,,127.0,,,,,,,,
13116,New York,,,3653.0,,,,,,,,
13117,New York,,,132.0,,,,,,,,
13118,New York,,,5591.0,,,,,,,,
13119,New York,,,0.0,,,,,,,,
13120,New York,,,1625.0,,,,,,,,
13121,New York,,,0.0,,,,,,,,
13122,New York,,,1257.0,,,,,,,,
13123,New York,,,90.0,,,,,,,,
13124,New York,,,88.0,,,,,,,,
13126,New York,,,36495.0,,,,,,,,
13131,New York,,,2880.0,,,,,,,,
13132,New York,,,3626.0,,,,,,,,
13134,New York,,,113.0,,,,,,,,
13135,New York,,,6515.0,,,,,,,,
13136,New York,,,406.0,,,,,,,,
13138,New York,,,157.0,,,,,,,,
13140,New York,,,3959.0,,,,,,,,
13141,New York,,,652.0,,,,,,,,
13142,New York,,,6365.0,,,,,,,,
13143,New York,,,2504.0,,,,,,,,
13144,New York,,,1219.0,,,,,,,,
13145,New York,,,2028.0,,,,,,,,
13146,New York,,,2085.0,,,,,,,,
13147,New York,,,1236.0,,,,,,,,
13148,New York,,,10749.0,,,,,,,,
13152,New York,,,7681.0,,,,,,,,
13153,New York,,,403.0,,,,,,,,
13154,New York,,,65.0,,,,,,,,
13155,New York,,,669.0,,,,,,,,
13156,New York,,,2156.0,,,,,,,,
13157,New York,,,529.0,,,,,,,,
13158,New York,,,1217.0,,,,,,,,
13159,New York,,,5204.0,,,,,,,,
13160,New York,,,2444.0,,,,,,,,
13162,New York,,,193.0,,,,,,,,
13163,New York,,,286.0,,,,,,,,
13164,New York,,,2904.0,,,,,,,,
13165,New York,,,9458.0,,,,,,,,
13166,New York,,,5622.0,,,,,,,,
13167,New York,,,3215.0,,,,,,,,
13202,New York,,,7098.0,,,,,,,,
13203,New York,,,16180.0,,,,,,,,
13204,New York,,,19440.0,,,,,,,,
13205,New York,,,19137.0,,,,,,,,
13206,New York,,,16245.0,,,,,,,,
13207,New York,,,12290.0,,,,,,,,
13208,New York,,,22993.0,,,,,,,,
13209,New York,,,12714.0,,,,,,,,
13210,New York,,,19803.0,,,,,,,,
13211,New York,,,6111.0,,,,,,,,
13212,New York,,,19917.0,,,,,,,,
13214,New York,,,8702.0,,,,,,,,
13215,New York,,,14751.0,,,,,,,,
13219,New York,,,14744.0,,,,,,,,
13224,New York,,,8659.0,,,,,,,,
13244,New York,,,9683.0,,,,,,,,
13290,New York,,,0.0,,,,,,,,
13301,New York,,,69.0,,,,,,,,
13302,New York,,,1289.0,,,,,,,,
13303,New York,,,1410.0,,,,,,,,
13304,New York,,,1653.0,,,,,,,,
13305,New York,,,403.0,,,,,,,,
13308,New York,,,3862.0,,,,,,,,
13309,New York,,,5825.0,,,,,,,,
13310,New York,,,654.0,,,,,,,,
13312,New York,,,228.0,,,,,,,,
13313,New York,,,586.0,,,,,,,,
13314,New York,,,118.0,,,,,,,,
13315,New York,,,1237.0,,,,,,,,
13316,New York,,,6063.0,,,,,,,,
13317,New York,,,3888.0,,,,,,,,
13318,New York,,,896.0,,,,,,,,
13319,New York,,,344.0,,,,,,,,
13320,New York,,,1971.0,,,,,,,,
13321,New York,,,678.0,,,,,,,,
13322,New York,,,1172.0,,,,,,,,
13323,New York,,,11078.0,,,,,,,,
13324,New York,,,1729.0,,,,,,,,
13325,New York,,,918.0,,,,,,,,
13326,New York,,,4586.0,,,,,,,,
13327,New York,,,2009.0,,,,,,,,
13328,New York,,,1311.0,,,,,,,,
13329,New York,,,3256.0,,,,,,,,
13331,New York,,,204.0,,,,,,,,
13332,New York,,,2577.0,,,,,,,,
13333,New York,,,46.0,,,,,,,,
13334,New York,,,1067.0,,,,,,,,
13335,New York,,,1511.0,,,,,,,,
13337,New York,,,607.0,,,,,,,,
13338,New York,,,1280.0,,,,,,,,
13339,New York,,,6010.0,,,,,,,,
13340,New York,,,7404.0,,,,,,,,
13342,New York,,,255.0,,,,,,,,
13343,New York,,,1606.0,,,,,,,,
13345,New York,,,217.0,,,,,,,,
13346,New York,,,6406.0,,,,,,,,
13348,New York,,,1409.0,,,,,,,,
13350,New York,,,9522.0,,,,,,,,
13352,New York,,,25.0,,,,,,,,
13353,New York,,,63.0,,,,,,,,
13354,New York,,,3554.0,,,,,,,,
13355,New York,,,780.0,,,,,,,,
13357,New York,,,10167.0,,,,,,,,
13360,New York,,,227.0,,,,,,,,
13361,New York,,,725.0,,,,,,,,
13363,New York,,,1981.0,,,,,,,,
13364,New York,,,333.0,,,,,,,,
13365,New York,,,8578.0,,,,,,,,
13367,New York,,,8601.0,,,,,,,,
13368,New York,,,1129.0,,,,,,,,
13402,New York,,,1133.0,,,,,,,,
13403,New York,,,7388.0,,,,,,,,
13404,New York,,,159.0,,,,,,,,
13406,New York,,,486.0,,,,,,,,
13407,New York,,,5042.0,,,,,,,,
13408,New York,,,3391.0,,,,,,,,
13409,New York,,,2144.0,,,,,,,,
13410,New York,,,508.0,,,,,,,,
13411,New York,,,2999.0,,,,,,,,
13413,New York,,,16742.0,,,,,,,,
13415,New York,,,73.0,,,,,,,,
13416,New York,,,2369.0,,,,,,,,
13417,New York,,,3880.0,,,,,,,,
13418,New York,,,97.0,,,,,,,,
13420,New York,,,1055.0,,,,,,,,
13421,New York,,,12771.0,,,,,,,,
13424,New York,,,2306.0,,,,,,,,
13425,New York,,,2010.0,,,,,,,,
13428,New York,,,1689.0,,,,,,,,
13431,New York,,,1847.0,,,,,,,,
13433,New York,,,1686.0,,,,,,,,
13435,New York,,,218.0,,,,,,,,
13436,New York,,,135.0,,,,,,,,
13437,New York,,,254.0,,,,,,,,
13438,New York,,,3065.0,,,,,,,,
13439,New York,,,3681.0,,,,,,,,
13440,New York,,,41555.0,,,,,,,,
13441,New York,,,68.0,,,,,,,,
13450,New York,,,143.0,,,,,,,,
13452,New York,,,4792.0,,,,,,,,
13454,New York,,,735.0,,,,,,,,
13455,New York,,,74.0,,,,,,,,
13456,New York,,,3848.0,,,,,,,,
13457,New York,,,26.0,,,,,,,,
13459,New York,,,1888.0,,,,,,,,
13460,New York,,,4182.0,,,,,,,,
13461,New York,,,3047.0,,,,,,,,
13464,New York,,,1207.0,,,,,,,,
13468,New York,,,256.0,,,,,,,,
13469,New York,,,855.0,,,,,,,,
13470,New York,,,877.0,,,,,,,,
13471,New York,,,2806.0,,,,,,,,
13472,New York,,,259.0,,,,,,,,
13473,New York,,,982.0,,,,,,,,
13475,New York,,,44.0,,,,,,,,
13476,New York,,,2572.0,,,,,,,,
13477,New York,,,1498.0,,,,,,,,
13478,New York,,,3078.0,,,,,,,,
13480,New York,,,3321.0,,,,,,,,
13482,New York,,,108.0,,,,,,,,
13483,New York,,,377.0,,,,,,,,
13484,New York,,,100.0,,,,,,,,
13485,New York,,,1779.0,,,,,,,,
13486,New York,,,646.0,,,,,,,,
13488,New York,,,103.0,,,,,,,,
13489,New York,,,576.0,,,,,,,,
13490,New York,,,1031.0,,,,,,,,
13491,New York,,,3431.0,,,,,,,,
13492,New York,,,11250.0,,,,,,,,
13493,New York,,,2428.0,,,,,,,,
13494,New York,,,346.0,,,,,,,,
13495,New York,,,1841.0,,,,,,,,
13501,New York,,,38931.0,,,,,,,,
13502,New York,,,34037.0,,,,,,,,
13601,New York,,,36839.0,,,,,,,,
13602,New York,,,2440.0,,,,,,,,
13603,New York,,,14136.0,,,,,,,,
13605,New York,,,5259.0,,,,,,,,
13606,New York,,,2468.0,,,,,,,,
13607,New York,,,2020.0,,,,,,,,
13608,New York,,,1676.0,,,,,,,,
13611,New York,,,147.0,,,,,,,,
13612,New York,,,2865.0,,,,,,,,
13613,New York,,,2931.0,,,,,,,,
13614,New York,,,214.0,,,,,,,,
13615,New York,,,700.0,,,,,,,,
13616,New York,,,1430.0,,,,,,,,
13617,New York,,,12431.0,,,,,,,,
13618,New York,,,1771.0,,,,,,,,
13619,New York,,,10578.0,,,,,,,,
13620,New York,,,2298.0,,,,,,,,
13621,New York,,,589.0,,,,,,,,
13622,New York,,,1859.0,,,,,,,,
13623,New York,,,68.0,,,,,,,,
13624,New York,,,4650.0,,,,,,,,
13625,New York,,,1792.0,,,,,,,,
13626,New York,,,2202.0,,,,,,,,
13628,New York,,,330.0,,,,,,,,
13630,New York,,,1184.0,,,,,,,,
13632,New York,,,118.0,,,,,,,,
13633,New York,,,389.0,,,,,,,,
13634,New York,,,3570.0,,,,,,,,
13635,New York,,,1279.0,,,,,,,,
13636,New York,,,141.0,,,,,,,,
13637,New York,,,5212.0,,,,,,,,
13638,New York,,,157.0,,,,,,,,
13639,New York,,,23.0,,,,,,,,
13640,New York,,,318.0,,,,,,,,
13641,New York,,,91.0,,,,,,,,
13642,New York,,,9043.0,,,,,,,,
13643,New York,,,193.0,,,,,,,,
13645,New York,,,0.0,,,,,,,,
13646,New York,,,2546.0,,,,,,,,
13647,New York,,,26.0,,,,,,,,
13648,New York,,,2236.0,,,,,,,,
13649,New York,,,56.0,,,,,,,,
13650,New York,,,1236.0,,,,,,,,
13651,New York,,,147.0,,,,,,,,
13652,New York,,,2067.0,,,,,,,,
13654,New York,,,2073.0,,,,,,,,
13655,New York,,,3694.0,,,,,,,,
13656,New York,,,2942.0,,,,,,,,
13658,New York,,,2189.0,,,,,,,,
13659,New York,,,386.0,,,,,,,,
13660,New York,,,1774.0,,,,,,,,
13661,New York,,,1908.0,,,,,,,,
13662,New York,,,15556.0,,,,,,,,
13664,New York,,,384.0,,,,,,,,
13665,New York,,,465.0,,,,,,,,
13666,New York,,,234.0,,,,,,,,
13667,New York,,,3476.0,,,,,,,,
13668,New York,,,3563.0,,,,,,,,
13669,New York,,,15542.0,,,,,,,,
13670,New York,,,378.0,,,,,,,,
13672,New York,,,449.0,,,,,,,,
13673,New York,,,2097.0,,,,,,,,
13674,New York,,,178.0,,,,,,,,
13675,New York,,,54.0,,,,,,,,
13676,New York,,,12874.0,,,,,,,,
13678,New York,,,20.0,,,,,,,,
13679,New York,,,1205.0,,,,,,,,
13680,New York,,,1186.0,,,,,,,,
13681,New York,,,738.0,,,,,,,,
13682,New York,,,854.0,,,,,,,,
13683,New York,,,41.0,,,,,,,,
13684,New York,,,1149.0,,,,,,,,
13685,New York,,,2362.0,,,,,,,,
13687,New York,,,483.0,,,,,,,,
13690,New York,,,748.0,,,,,,,,
13691,New York,,,2990.0,,,,,,,,
13692,New York,,,222.0,,,,,,,,
13693,New York,,,423.0,,,,,,,,
13694,New York,,,1442.0,,,,,,,,
13695,New York,,,157.0,,,,,,,,
13696,New York,,,181.0,,,,,,,,
13697,New York,,,1898.0,,,,,,,,
13699,New York,,,2194.0,,,,,,,,
13730,New York,,,2679.0,,,,,,,,
13731,New York,,,1038.0,,,,,,,,
13732,New York,,,7385.0,,,,,,,,
13733,New York,,,5076.0,,,,,,,,
13734,New York,,,2269.0,,,,,,,,
13736,New York,,,1936.0,,,,,,,,
13738,New York,,,20.0,,,,,,,,
13739,New York,,,833.0,,,,,,,,
13740,New York,,,626.0,,,,,,,,
13743,New York,,,3077.0,,,,,,,,
13744,New York,,,1125.0,,,,,,,,
13746,New York,,,2535.0,,,,,,,,
13747,New York,,,0.0,,,,,,,,
13748,New York,,,3738.0,,,,,,,,
13750,New York,,,896.0,,,,,,,,
13751,New York,,,297.0,,,,,,,,
13752,New York,,,858.0,,,,,,,,
13753,New York,,,5696.0,,,,,,,,
13754,New York,,,2768.0,,,,,,,,
13755,New York,,,652.0,,,,,,,,
13756,New York,,,697.0,,,,,,,,
13757,New York,,,1130.0,,,,,,,,
13760,New York,,,42896.0,,,,,,,,
13774,New York,,,323.0,,,,,,,,
13775,New York,,,1752.0,,,,,,,,
13776,New York,,,380.0,,,,,,,,
13777,New York,,,656.0,,,,,,,,
13778,New York,,,5351.0,,,,,,,,
13780,New York,,,968.0,,,,,,,,
13782,New York,,,936.0,,,,,,,,
13783,New York,,,2035.0,,,,,,,,
13784,New York,,,382.0,,,,,,,,
13786,New York,,,430.0,,,,,,,,
13787,New York,,,2432.0,,,,,,,,
13788,New York,,,997.0,,,,,,,,
13790,New York,,,18739.0,,,,,,,,
13795,New York,,,3681.0,,,,,,,,
13796,New York,,,1210.0,,,,,,,,
13797,New York,,,2119.0,,,,,,,,
13801,New York,,,1545.0,,,,,,,,
13802,New York,,,729.0,,,,,,,,
13803,New York,,,4273.0,,,,,,,,
13804,New York,,,244.0,,,,,,,,
13806,New York,,,143.0,,,,,,,,
13807,New York,,,1218.0,,,,,,,,
13808,New York,,,1581.0,,,,,,,,
13809,New York,,,1410.0,,,,,,,,
13810,New York,,,1090.0,,,,,,,,
13811,New York,,,4127.0,,,,,,,,
13812,New York,,,2574.0,,,,,,,,
13813,New York,,,997.0,,,,,,,,
13814,New York,,,25.0,,,,,,,,
13815,New York,,,12654.0,,,,,,,,
13820,New York,,,23056.0,,,,,,,,
13825,New York,,,2903.0,,,,,,,,
13826,New York,,,141.0,,,,,,,,
13827,New York,,,11832.0,,,,,,,,
13830,New York,,,4597.0,,,,,,,,
13832,New York,,,448.0,,,,,,,,
13833,New York,,,4190.0,,,,,,,,
13834,New York,,,92.0,,,,,,,,
13835,New York,,,1184.0,,,,,,,,
13838,New York,,,4251.0,,,,,,,,
13839,New York,,,1360.0,,,,,,,,
13841,New York,,,385.0,,,,,,,,
13842,New York,,,582.0,,,,,,,,
13843,New York,,,2038.0,,,,,,,,
13844,New York,,,555.0,,,,,,,,
13846,New York,,,308.0,,,,,,,,
13847,New York,,,18.0,,,,,,,,
13849,New York,,,4427.0,,,,,,,,
13850,New York,,,23689.0,,,,,,,,
13856,New York,,,5881.0,,,,,,,,
13859,New York,,,56.0,,,,,,,,
13860,New York,,,257.0,,,,,,,,
13861,New York,,,462.0,,,,,,,,
13862,New York,,,3440.0,,,,,,,,
13863,New York,,,382.0,,,,,,,,
13864,New York,,,1099.0,,,,,,,,
13865,New York,,,5610.0,,,,,,,,
13901,New York,,,19613.0,,,,,,,,
13902,New York,,,7449.0,,,,,,,,
13903,New York,,,17569.0,,,,,,,,
13904,New York,,,9221.0,,,,,,,,
13905,New York,,,27988.0,,,,,,,,
14001,New York,,,8937.0,,,,,,,,
14004,New York,,,11396.0,,,,,,,,
14005,New York,,,1772.0,,,,,,,,
14006,New York,,,9260.0,,,,,,,,
14008,New York,,,1423.0,,,,,,,,
14009,New York,,,5748.0,,,,,,,,
14011,New York,,,8122.0,,,,,,,,
14012,New York,,,2911.0,,,,,,,,
14013,New York,,,1423.0,,,,,,,,
14020,New York,,,22002.0,,,,,,,,
14024,New York,,,1773.0,,,,,,,,
14025,New York,,,3243.0,,,,,,,,
14026,New York,,,617.0,,,,,,,,
14027,New York,,,142.0,,,,,,,,
14028,New York,,,1257.0,,,,,,,,
14029,New York,,,20.0,,,,,,,,
14030,New York,,,2067.0,,,,,,,,
14031,New York,,,9885.0,,,,,,,,
14032,New York,,,10222.0,,,,,,,,
14033,New York,,,1539.0,,,,,,,,
14034,New York,,,2086.0,,,,,,,,
14035,New York,,,152.0,,,,,,,,
14036,New York,,,5782.0,,,,,,,,
14037,New York,,,904.0,,,,,,,,
14039,New York,,,117.0,,,,,,,,
14040,New York,,,1974.0,,,,,,,,
14041,New York,,,308.0,,,,,,,,
14042,New York,,,3967.0,,,,,,,,
14043,New York,,,25098.0,,,,,,,,
14047,New York,,,6013.0,,,,,,,,
14048,New York,,,14739.0,,,,,,,,
14051,New York,,,19739.0,,,,,,,,
14052,New York,,,17514.0,,,,,,,,
14054,New York,,,1391.0,,,,,,,,
14055,New York,,,1418.0,,,,,,,,
14056,New York,,,162.0,,,,,,,,
14057,New York,,,7972.0,,,,,,,,
14058,New York,,,2370.0,,,,,,,,
14059,New York,,,9138.0,,,,,,,,
14060,New York,,,362.0,,,,,,,,
14061,New York,,,93.0,,,,,,,,
14062,New York,,,3266.0,,,,,,,,
14063,New York,,,12575.0,,,,,,,,
14065,New York,,,1597.0,,,,,,,,
14066,New York,,,991.0,,,,,,,,
14067,New York,,,3976.0,,,,,,,,
14068,New York,,,8636.0,,,,,,,,
14069,New York,,,443.0,,,,,,,,
14070,New York,,,5001.0,,,,,,,,
14072,New York,,,21488.0,,,,,,,,
14075,New York,,,44520.0,,,,,,,,
14080,New York,,,4444.0,,,,,,,,
14081,New York,,,2742.0,,,,,,,,
14082,New York,,,485.0,,,,,,,,
14083,New York,,,75.0,,,,,,,,
14085,New York,,,8531.0,,,,,,,,
14086,New York,,,35635.0,,,,,,,,
14091,New York,,,1316.0,,,,,,,,
14092,New York,,,10247.0,,,,,,,,
14094,New York,,,50153.0,,,,,,,,
14098,New York,,,2707.0,,,,,,,,
14101,New York,,,1997.0,,,,,,,,
14102,New York,,,1856.0,,,,,,,,
14103,New York,,,10810.0,,,,,,,,
14105,New York,,,5313.0,,,,,,,,
14108,New York,,,5713.0,,,,,,,,
14109,New York,,,1473.0,,,,,,,,
14111,New York,,,3186.0,,,,,,,,
14112,New York,,,0.0,,,,,,,,
14113,New York,,,709.0,,,,,,,,
14120,New York,,,44241.0,,,,,,,,
14125,New York,,,3648.0,,,,,,,,
14126,New York,,,109.0,,,,,,,,
14127,New York,,,31543.0,,,,,,,,
14129,New York,,,1236.0,,,,,,,,
14130,New York,,,70.0,,,,,,,,
14131,New York,,,5252.0,,,,,,,,
14132,New York,,,6453.0,,,,,,,,
14134,New York,,,32.0,,,,,,,,
14135,New York,,,90.0,,,,,,,,
14136,New York,,,5450.0,,,,,,,,
14138,New York,,,2046.0,,,,,,,,
14139,New York,,,2113.0,,,,,,,,
14141,New York,,,7603.0,,,,,,,,
14143,New York,,,1216.0,,,,,,,,
14145,New York,,,1185.0,,,,,,,,
14150,New York,,,41260.0,,,,,,,,
14166,New York,,,173.0,,,,,,,,
14167,New York,,,1804.0,,,,,,,,
14168,New York,,,50.0,,,,,,,,
14169,New York,,,77.0,,,,,,,,
14170,New York,,,2292.0,,,,,,,,
14171,New York,,,1611.0,,,,,,,,
14172,New York,,,3091.0,,,,,,,,
14173,New York,,,266.0,,,,,,,,
14174,New York,,,5669.0,,,,,,,,
14201,New York,,,12369.0,,,,,,,,
14202,New York,,,3862.0,,,,,,,,
14203,New York,,,2424.0,,,,,,,,
14204,New York,,,7932.0,,,,,,,,
14206,New York,,,21631.0,,,,,,,,
14207,New York,,,26327.0,,,,,,,,
14208,New York,,,12572.0,,,,,,,,
14209,New York,,,8313.0,,,,,,,,
14210,New York,,,15563.0,,,,,,,,
14211,New York,,,24663.0,,,,,,,,
14212,New York,,,13299.0,,,,,,,,
14213,New York,,,24107.0,,,,,,,,
14214,New York,,,21314.0,,,,,,,,
14215,New York,,,42524.0,,,,,,,,
14216,New York,,,22849.0,,,,,,,,
14217,New York,,,22471.0,,,,,,,,
14218,New York,,,20312.0,,,,,,,,
14219,New York,,,10652.0,,,,,,,,
14220,New York,,,24428.0,,,,,,,,
14221,New York,,,55255.0,,,,,,,,
14222,New York,,,15311.0,,,,,,,,
14223,New York,,,22611.0,,,,,,,,
14224,New York,,,41219.0,,,,,,,,
14225,New York,,,33620.0,,,,,,,,
14226,New York,,,29159.0,,,,,,,,
14227,New York,,,20621.0,,,,,,,,
14228,New York,,,25350.0,,,,,,,,
14260,New York,,,924.0,,,,,,,,
14261,New York,,,5033.0,,,,,,,,
14301,New York,,,10923.0,,,,,,,,
14302,New York,,,189.0,,,,,,,,
14303,New York,,,6156.0,,,,,,,,
14304,New York,,,29208.0,,,,,,,,
14305,New York,,,16696.0,,,,,,,,
14411,New York,,,12429.0,,,,,,,,
14413,New York,,,71.0,,,,,,,,
14414,New York,,,6576.0,,,,,,,,
14415,New York,,,77.0,,,,,,,,
14416,New York,,,3960.0,,,,,,,,
14418,New York,,,1149.0,,,,,,,,
14420,New York,,,20375.0,,,,,,,,
14422,New York,,,1809.0,,,,,,,,
14423,New York,,,4947.0,,,,,,,,
14424,New York,,,28786.0,,,,,,,,
14425,New York,,,13839.0,,,,,,,,
14427,New York,,,1720.0,,,,,,,,
14428,New York,,,8127.0,,,,,,,,
14432,New York,,,5518.0,,,,,,,,
14433,New York,,,4404.0,,,,,,,,
14435,New York,,,2512.0,,,,,,,,
14437,New York,,,8984.0,,,,,,,,
14441,New York,,,308.0,,,,,,,,
14445,New York,,,7529.0,,,,,,,,
14450,New York,,,42750.0,,,,,,,,
14453,New York,,,0.0,,,,,,,,
14454,New York,,,11127.0,,,,,,,,
14456,New York,,,19756.0,,,,,,,,
14462,New York,,,877.0,,,,,,,,
14463,New York,,,255.0,,,,,,,,
14464,New York,,,6755.0,,,,,,,,
14466,New York,,,1754.0,,,,,,,,
14467,New York,,,10168.0,,,,,,,,
14468,New York,,,18526.0,,,,,,,,
14469,New York,,,6008.0,,,,,,,,
14470,New York,,,7758.0,,,,,,,,
14471,New York,,,2727.0,,,,,,,,
14472,New York,,,9039.0,,,,,,,,
14475,New York,,,215.0,,,,,,,,
14476,New York,,,2443.0,,,,,,,,
14477,New York,,,1706.0,,,,,,,,
14478,New York,,,1391.0,,,,,,,,
14479,New York,,,234.0,,,,,,,,
14480,New York,,,520.0,,,,,,,,
14481,New York,,,1640.0,,,,,,,,
14482,New York,,,8339.0,,,,,,,,
14485,New York,,,4153.0,,,,,,,,
14486,New York,,,444.0,,,,,,,,
14487,New York,,,5492.0,,,,,,,,
14489,New York,,,6897.0,,,,,,,,
14502,New York,,,10831.0,,,,,,,,
14504,New York,,,1631.0,,,,,,,,
14505,New York,,,5138.0,,,,,,,,
14506,New York,,,923.0,,,,,,,,
14507,New York,,,1292.0,,,,,,,,
14510,New York,,,4754.0,,,,,,,,
14511,New York,,,548.0,,,,,,,,
14512,New York,,,4852.0,,,,,,,,
14513,New York,,,13375.0,,,,,,,,
14514,New York,,,6572.0,,,,,,,,
14515,New York,,,215.0,,,,,,,,
14516,New York,,,2185.0,,,,,,,,
14517,New York,,,2388.0,,,,,,,,
14519,New York,,,12642.0,,,,,,,,
14521,New York,,,2594.0,,,,,,,,
14522,New York,,,9121.0,,,,,,,,
14525,New York,,,2608.0,,,,,,,,
14526,New York,,,19629.0,,,,,,,,
14527,New York,,,12677.0,,,,,,,,
14529,New York,,,77.0,,,,,,,,
14530,New York,,,5553.0,,,,,,,,
14532,New York,,,4165.0,,,,,,,,
14533,New York,,,1538.0,,,,,,,,
14534,New York,,,33230.0,,,,,,,,
14536,New York,,,659.0,,,,,,,,
14537,New York,,,210.0,,,,,,,,
14539,New York,,,102.0,,,,,,,,
14541,New York,,,3713.0,,,,,,,,
14542,New York,,,32.0,,,,,,,,
14543,New York,,,3717.0,,,,,,,,
14544,New York,,,2371.0,,,,,,,,
14545,New York,,,141.0,,,,,,,,
14546,New York,,,4450.0,,,,,,,,
14548,New York,,,3821.0,,,,,,,,
14549,New York,,,426.0,,,,,,,,
14550,New York,,,1301.0,,,,,,,,
14551,New York,,,5063.0,,,,,,,,
14555,New York,,,1165.0,,,,,,,,
14556,New York,,,913.0,,,,,,,,
14557,New York,,,128.0,,,,,,,,
14559,New York,,,17200.0,,,,,,,,
14560,New York,,,2412.0,,,,,,,,
14561,New York,,,2081.0,,,,,,,,
14564,New York,,,16364.0,,,,,,,,
14568,New York,,,5547.0,,,,,,,,
14569,New York,,,6430.0,,,,,,,,
14571,New York,,,1190.0,,,,,,,,
14572,New York,,,4817.0,,,,,,,,
14580,New York,,,54180.0,,,,,,,,
14585,New York,,,170.0,,,,,,,,
14586,New York,,,13291.0,,,,,,,,
14588,New York,,,240.0,,,,,,,,
14589,New York,,,7967.0,,,,,,,,
14590,New York,,,5191.0,,,,,,,,
14591,New York,,,1495.0,,,,,,,,
14592,New York,,,143.0,,,,,,,,
14604,New York,,,3251.0,,,,,,,,
14605,New York,,,11783.0,,,,,,,,
14606,New York,,,25538.0,,,,,,,,
14607,New York,,,17891.0,,,,,,,,
14608,New York,,,12792.0,,,,,,,,
14609,New York,,,40274.0,,,,,,,,
14610,New York,,,14311.0,,,,,,,,
14611,New York,,,17145.0,,,,,,,,
14612,New York,,,35152.0,,,,,,,,
14613,New York,,,15047.0,,,,,,,,
14614,New York,,,1158.0,,,,,,,,
14615,New York,,,17884.0,,,,,,,,
14616,New York,,,26863.0,,,,,,,,
14617,New York,,,21788.0,,,,,,,,
14618,New York,,,25476.0,,,,,,,,
14619,New York,,,13477.0,,,,,,,,
14620,New York,,,23769.0,,,,,,,,
14621,New York,,,32381.0,,,,,,,,
14622,New York,,,12574.0,,,,,,,,
14623,New York,,,26032.0,,,,,,,,
14624,New York,,,38626.0,,,,,,,,
14625,New York,,,10717.0,,,,,,,,
14626,New York,,,29273.0,,,,,,,,
14627,New York,,,3159.0,,,,,,,,
14642,New York,,,0.0,,,,,,,,
14701,New York,,,38461.0,,,,,,,,
14706,New York,,,5939.0,,,,,,,,
14707,New York,,,129.0,,,,,,,,
14708,New York,,,148.0,,,,,,,,
14709,New York,,,1201.0,,,,,,,,
14710,New York,,,2980.0,,,,,,,,
14711,New York,,,2063.0,,,,,,,,
14712,New York,,,3262.0,,,,,,,,
14714,New York,,,555.0,,,,,,,,
14715,New York,,,2484.0,,,,,,,,
14716,New York,,,2453.0,,,,,,,,
14717,New York,,,586.0,,,,,,,,
14718,New York,,,1854.0,,,,,,,,
14719,New York,,,3448.0,,,,,,,,
14720,New York,,,924.0,,,,,,,,
14721,New York,,,227.0,,,,,,,,
14722,New York,,,243.0,,,,,,,,
14723,New York,,,1187.0,,,,,,,,
14724,New York,,,3115.0,,,,,,,,
14726,New York,,,2494.0,,,,,,,,
14727,New York,,,4925.0,,,,,,,,
14728,New York,,,842.0,,,,,,,,
14729,New York,,,756.0,,,,,,,,
14731,New York,,,1226.0,,,,,,,,
14732,New York,,,48.0,,,,,,,,
14733,New York,,,3367.0,,,,,,,,
14735,New York,,,2575.0,,,,,,,,
14736,New York,,,172.0,,,,,,,,
14737,New York,,,4376.0,,,,,,,,
14738,New York,,,3578.0,,,,,,,,
14739,New York,,,2731.0,,,,,,,,
14740,New York,,,1269.0,,,,,,,,
14741,New York,,,1805.0,,,,,,,,
14742,New York,,,72.0,,,,,,,,
14743,New York,,,2037.0,,,,,,,,
14744,New York,,,2188.0,,,,,,,,
14747,New York,,,2005.0,,,,,,,,
14748,New York,,,446.0,,,,,,,,
14750,New York,,,4508.0,,,,,,,,
14752,New York,,,62.0,,,,,,,,
14753,New York,,,1060.0,,,,,,,,
14754,New York,,,586.0,,,,,,,,
14755,New York,,,2919.0,,,,,,,,
14756,New York,,,26.0,,,,,,,,
14757,New York,,,3114.0,,,,,,,,
14760,New York,,,17474.0,,,,,,,,
14767,New York,,,2061.0,,,,,,,,
14769,New York,,,757.0,,,,,,,,
14770,New York,,,2621.0,,,,,,,,
14772,New York,,,4394.0,,,,,,,,
14774,New York,,,324.0,,,,,,,,
14775,New York,,,2328.0,,,,,,,,
14777,New York,,,454.0,,,,,,,,
14778,New York,,,1539.0,,,,,,,,
14779,New York,,,6738.0,,,,,,,,
14781,New York,,,1796.0,,,,,,,,
14782,New York,,,2099.0,,,,,,,,
14783,New York,,,80.0,,,,,,,,
14784,New York,,,805.0,,,,,,,,
14785,New York,,,0.0,,,,,,,,
14787,New York,,,4771.0,,,,,,,,
14788,New York,,,107.0,,,,,,,,
14801,New York,,,5275.0,,,,,,,,
14802,New York,,,4814.0,,,,,,,,
14803,New York,,,1514.0,,,,,,,,
14804,New York,,,1362.0,,,,,,,,
14805,New York,,,801.0,,,,,,,,
14806,New York,,,1912.0,,,,,,,,
14807,New York,,,2681.0,,,,,,,,
14808,New York,,,500.0,,,,,,,,
14809,New York,,,2890.0,,,,,,,,
14810,New York,,,11534.0,,,,,,,,
14812,New York,,,2954.0,,,,,,,,
14813,New York,,,2480.0,,,,,,,,
14814,New York,,,2152.0,,,,,,,,
14815,New York,,,678.0,,,,,,,,
14816,New York,,,534.0,,,,,,,,
14817,New York,,,2479.0,,,,,,,,
14818,New York,,,1878.0,,,,,,,,
14819,New York,,,755.0,,,,,,,,
14820,New York,,,606.0,,,,,,,,
14821,New York,,,2958.0,,,,,,,,
14822,New York,,,851.0,,,,,,,,
14823,New York,,,3610.0,,,,,,,,
14824,New York,,,687.0,,,,,,,,
14825,New York,,,751.0,,,,,,,,
14826,New York,,,2035.0,,,,,,,,
14827,New York,,,22.0,,,,,,,,
14830,New York,,,19015.0,,,,,,,,
14836,New York,,,1055.0,,,,,,,,
14837,New York,,,5801.0,,,,,,,,
14838,New York,,,1889.0,,,,,,,,
14839,New York,,,610.0,,,,,,,,
14840,New York,,,2425.0,,,,,,,,
14841,New York,,,698.0,,,,,,,,
14842,New York,,,802.0,,,,,,,,
14843,New York,,,12383.0,,,,,,,,
14845,New York,,,20327.0,,,,,,,,
14846,New York,,,928.0,,,,,,,,
14847,New York,,,2300.0,,,,,,,,
14850,New York,,,68610.0,,,,,,,,
14853,New York,,,2405.0,,,,,,,,
14854,New York,,,76.0,,,,,,,,
14855,New York,,,992.0,,,,,,,,
14856,New York,,,0.0,,,,,,,,
14858,New York,,,1425.0,,,,,,,,
14859,New York,,,979.0,,,,,,,,
14860,New York,,,1197.0,,,,,,,,
14861,New York,,,1260.0,,,,,,,,
14864,New York,,,1197.0,,,,,,,,
14865,New York,,,2421.0,,,,,,,,
14867,New York,,,5149.0,,,,,,,,
14869,New York,,,982.0,,,,,,,,
14870,New York,,,9795.0,,,,,,,,
14871,New York,,,4207.0,,,,,,,,
14872,New York,,,589.0,,,,,,,,
14873,New York,,,1945.0,,,,,,,,
14874,New York,,,209.0,,,,,,,,
14877,New York,,,658.0,,,,,,,,
14878,New York,,,602.0,,,,,,,,
14879,New York,,,2160.0,,,,,,,,
14880,New York,,,1548.0,,,,,,,,
14881,New York,,,117.0,,,,,,,,
14882,New York,,,4191.0,,,,,,,,
14883,New York,,,4184.0,,,,,,,,
14884,New York,,,362.0,,,,,,,,
14885,New York,,,749.0,,,,,,,,
14886,New York,,,6652.0,,,,,,,,
14889,New York,,,1357.0,,,,,,,,
14891,New York,,,4561.0,,,,,,,,
14892,New York,,,7703.0,,,,,,,,
14893,New York,,,37.0,,,,,,,,
14894,New York,,,1244.0,,,,,,,,
14895,New York,,,9061.0,,,,,,,,
14897,New York,,,671.0,,,,,,,,
14898,New York,,,1469.0,,,,,,,,
14901,New York,,,13970.0,,,,,,,,
14903,New York,,,7078.0,,,,,,,,
14904,New York,,,14861.0,,,,,,,,
14905,New York,,,8751.0,,,,,,,,
